Year,Month,Day,Time,Lat,Lon,Depth,Mag,Region,Timestamp
2025,02,15,17:05:08,38.8328,-122.79,1.9,1.1,"6 km WNW of Cobb, CA",1739639108
2025,02,15,16:39:59,38.188,-117.8653,1.3,1.4,"30 km SE of Mina, Nevada",1739637599
2025,02,15,16:39:40,17.9853,-66.9882,13.5,2.5,"6 km E of La Parguera, Puerto Rico",1739637580
2025,02,15,16:37:05,56.5865,-156.6052,20.5,2.3,"113 km SSE of Ugashik, Alaska",1739637425
2025,02,15,16:29:07,38.844,-122.8307,6.3,0.9,"10 km WNW of Cobb, CA",1739636947
2025,02,15,16:20:37,33.4827,-116.4722,13.4,1.2,"20 km ESE of Anza, CA",1739636437
2025,02,15,16:12:39,38.1812,-117.868,10.8,1.9,"31 km SE of Mina, Nevada",1739635959
2025,02,15,16:11:49,40.3331,24.1578,9.7,4.9,"11 km NW of Karyes, Greece",1739635909
2025,02,15,16:06:25,62.0428,-149.5978,35.2,2.6,"18 km SE of Susitna North, Alaska",1739635585
2025,02,15,16:02:38,31.647,-104.192,4.5,1.7,"52 km NW of Toyah, Texas",1739635358
2025,02,15,15:57:20,18.7788,-67.2603,7.8,3,"36 km NNW of San Antonio, Puerto Rico",1739635040
2025,02,15,15:54:53,40.761,-124.3942,21,2.2,"18 km WNW of Humboldt Hill, CA",1739634893
2025,02,15,15:52:17,38.7937,-122.7802,3.6,1.1,"3 km NW of The Geysers, CA",1739634737
2025,02,15,15:44:41,38.6892,-119.5601,12,1.4,"1 km WSW of Topaz Lake, Nevada",1739634281
2025,02,15,15:43:07,34.0302,-116.672,9.6,0.9,"9 km WSW of Morongo Valley, CA",1739634187
2025,02,15,15:30:48,31.653,-104.334,5.3,1.7,"58 km S of Whites City, New Mexico",1739633448
2025,02,15,15:29:15,38.8272,-122.8548,2.5,0.8,"10 km NW of The Geysers, CA",1739633355
2025,02,15,15:21:29,31.646,-104.192,4.5,2.2,"52 km NW of Toyah, Texas",1739632889
2025,02,15,15:18:59,40.376,-124.9265,9.2,3.8,"55 km WNW of Petrolia, CA",1739632739
2025,02,15,14:53:19,61.6396,-149.9295,32.7,1.5,"6 km W of Houston, Alaska",1739631199
2025,02,15,14:50:44,36.1765,-118.0358,2.2,1.7,"12 km SSW of Olancha, CA",1739631044
2025,02,15,14:47:58,39.0523,-119.0188,5,1.3,"14 km ENE of Yerington, Nevada",1739630878
2025,02,15,14:30:12,34.0557,-118.9128,14.4,3.5,"11 km WNW of Malibu, CA",1739629812
2025,02,15,14:24:48,38.8245,-122.7653,2.1,0.8,"4 km WNW of Cobb, CA",1739629488
2025,02,15,14:14:07,38.556,-122.6692,4.4,1.7,"8 km W of Calistoga, CA",1739628847
2025,02,15,14:04:54,31.715,-104.274,7,2.2,"51 km S of Whites City, New Mexico",1739628294
2025,02,15,13:57:18,59.3719,-153.0468,70.5,1.8,"64 km W of Nanwalek, Alaska",1739627838
2025,02,15,13:24:16,38.8278,-122.8223,1.8,1.1,"8 km NW of The Geysers, CA",1739625856
2025,02,15,13:20:47,38.836,-122.7907,1.7,0.7,"6 km WNW of Cobb, CA",1739625647
2025,02,15,13:19:14,38.791,-122.779,1.9,0.2,"2 km NW of The Geysers, CA",1739625554
2025,02,15,13:14:36,38.7897,-122.7787,1.6,0.8,"2 km NW of The Geysers, CA",1739625276
2025,02,15,13:13:43,-24.2255,-67.492,224.9,4.2,"119 km W of San Antonio de los Cobres, Argentina",1739625223
2025,02,15,13:09:17,38.8375,-122.7797,12.8,0.8,"5 km WNW of Cobb, CA",1739624957
2025,02,15,13:08:07,19.0827,-155.3825,42.4,2.6,"16 km SE of Pāhala, Hawaii",1739624887
2025,02,15,12:48:36,34.2323,-118.4228,10.3,1.3,"3 km ENE of Panorama City, CA",1739623716
2025,02,15,12:47:22,32.101,-101.483,8.8,1.8,"11 km W of Forsan, Texas",1739623642
2025,02,15,12:46:28,63.0909,-150.9427,113.1,1.7,"63 km SE of Denali National Park, Alaska",1739623588
2025,02,15,12:46:15,34.1138,-80.7315,2.4,2,"8 km SE of Elgin, South Carolina",1739623575
2025,02,15,12:12:37,38.841,-122.8113,2.1,0.8,"8 km WNW of Cobb, CA",1739621557
2025,02,15,12:10:56,61.7308,-150.8715,56.4,1.4,"28 km NW of Susitna, Alaska",1739621456
2025,02,15,12:06:04,38.8245,-122.7653,2.1,0.8,"4 km WNW of Cobb, CA",1739621164
2025,02,15,11:56:44,38.7492,-122.7033,0.6,1,"3 km SSW of Anderson Springs, CA",1739620604
2025,02,15,11:56:05,-5.1747,145.5005,107.2,4.9,"32 km W of Madang, Papua New Guinea",1739620565
2025,02,15,11:52:53,38.7422,-122.709,0.7,1.3,"4 km SSW of Anderson Springs, CA",1739620373
2025,02,15,11:52:32,61.3089,-152.2151,0.1,1,"63 km WNW of Beluga, Alaska",1739620352
2025,02,15,11:52:23,38.746,-122.7,-0.8,2,"3 km SSW of Anderson Springs, CA",1739620343
2025,02,15,11:50:52,38.7417,-122.7132,1.5,2.2,"4 km SW of Anderson Springs, CA",1739620252
2025,02,15,11:48:06,18.8055,-67.506,40.3,3.1,"55 km NW of San Antonio, Puerto Rico",1739620086
2025,02,15,11:44:59,38.7963,-122.7383,2.1,0.9,"3 km NE of The Geysers, CA",1739619899
2025,02,15,11:34:12,41.1036,142.8837,47.4,4.9,"113 km S of Honchō, Japan",1739619252
2025,02,15,11:31:46,34.0533,-118.8947,11.5,1.5,"10 km NW of Malibu, CA",1739619106
2025,02,15,11:19:48,38.8312,-122.818,2,0.3,"8 km NNW of The Geysers, CA",1739618388
2025,02,15,11:13:15,12.3483,-87.7001,60.6,4.1,"51 km SSW of Jiquilillo, Nicaragua",1739617995
2025,02,15,11:09:41,38.83,-122.8152,1.7,1.3,"8 km NNW of The Geysers, CA",1739617781
2025,02,15,11:06:10,35.4233,-117.7752,7.8,1,"14 km WNW of Johannesburg, CA",1739617570
2025,02,15,10:58:01,37.5165,-118.8358,0.3,0.9,"15 km W of Toms Place, CA",1739617081
2025,02,15,10:53:21,31.675,-104.2,6.1,1.8,"55 km NW of Toyah, Texas",1739616801
2025,02,15,10:45:31,38.83,-122.8155,1.8,1.7,"8 km NNW of The Geysers, CA",1739616331
2025,02,15,10:44:23,56.6679,-157.3272,90.6,2.4,"78 km ENE of Chignik, Alaska",1739616263
2025,02,15,10:41:38,31.662,-104.286,6.6,1.9,"57 km S of Whites City, New Mexico",1739616098
2025,02,15,10:31:36,-8.2557,119.7624,178.5,4.8,"29 km NNW of Labuan Bajo, Indonesia",1739615496
2025,02,15,10:25:10,59.8179,-152.9413,96.2,1.3,"62 km W of Anchor Point, Alaska",1739615110
2025,02,15,10:13:11,36.6487,-116.271,7.3,0.2,"52 km ESE of Beatty, Nevada",1739614391
2025,02,15,10:11:56,38.804,-122.7805,3.5,0.7,"4 km NNW of The Geysers, CA",1739614316
2025,02,15,10:11:23,31.666,-104.305,6.4,1.6,"56 km S of Whites City, New Mexico",1739614283
2025,02,15,10:10:35,31.649,-104.18,7.8,1.6,"52 km NW of Toyah, Texas",1739614235
2025,02,15,09:55:14,38.786,-122.769,2.3,0.3,"1 km NW of The Geysers, CA",1739613314
2025,02,15,09:52:56,38.7947,-122.7545,1.7,0.8,"2 km NNE of The Geysers, CA",1739613176
2025,02,15,09:46:01,38.8192,-122.8213,1.7,1.1,"7 km NW of The Geysers, CA",1739612761
2025,02,15,09:17:22,60.0085,-152.6051,98.3,1.6,"49 km W of Happy Valley, Alaska",1739611042
2025,02,15,09:15:20,38.8163,-122.8243,2.3,0.8,"7 km NW of The Geysers, CA",1739610920
2025,02,15,09:10:12,31.709,-104.161,7.2,1.7,"53 km W of Mentone, Texas",1739610612
2025,02,15,09:08:22,60.4576,-146.921,29.2,2.1,"47 km SSW of Tatitlek, Alaska",1739610502
2025,02,15,08:52:30,38.8237,-122.7875,1.9,0.4,"6 km WNW of Cobb, CA",1739609550
2025,02,15,08:51:40,61.7382,-147.9019,35.7,1.2,"15 km WSW of Glacier View, Alaska",1739609500
2025,02,15,08:34:22,33.4592,-116.6167,9.7,0.9,"12 km SSE of Anza, CA",1739608462
2025,02,15,08:34:06,38.789,-122.7675,0.4,1.1,"2 km NNW of The Geysers, CA",1739608446
2025,02,15,08:31:27,31.654,-104.214,7.9,1.7,"54 km NW of Toyah, Texas",1739608287
2025,02,15,08:28:59,36.5227,-121.0988,8.6,1.1,"4 km ESE of Pinnacles, CA",1739608139
2025,02,15,08:16:31,37.8975,-121.9898,7.2,1.1,"6 km NE of Alamo, CA",1739607391
2025,02,15,08:15:44,40.6043,-122.1585,5,2.2,"6 km NE of Millville, CA",1739607344
2025,02,15,08:11:43,-8.6062,117.7671,190.2,4.5,"38 km SE of Pototano, Indonesia",1739607103
2025,02,15,08:08:54,34.045,-118.8983,12.3,1.5,"9 km WNW of Malibu, CA",1739606934
2025,02,15,08:05:35,38.8283,-122.8528,1.7,1.1,"10 km NW of The Geysers, CA",1739606735
2025,02,15,07:55:56,62.9586,-150.6451,88.2,2,"51 km N of Petersville, Alaska",1739606156
2025,02,15,07:52:12,31.674,-104.194,3.7,1.4,"55 km NW of Toyah, Texas",1739605932
2025,02,15,07:48:20,40.9099,140.9607,101.8,4.3,"1 km SSE of Hiranai, Japan",1739605700
2025,02,15,07:47:37,34.0493,-118.8982,15.1,1.7,"10 km WNW of Malibu, CA",1739605657
2025,02,15,07:47:17,36.5648,-121.0745,7.1,2,"7 km ENE of Pinnacles, CA",1739605637
2025,02,15,07:44:05,34.0598,-118.9088,15.3,3.7,"11 km NW of Malibu, CA",1739605445
2025,02,15,07:41:12,31.667,-104.194,6.4,1.9,"54 km NW of Toyah, Texas",1739605272
2025,02,15,07:31:15,34.0645,-117.9537,12.8,1.3,"2 km NE of West Puente Valley, CA",1739604675
2025,02,15,07:18:21,61.6283,-149.8001,28.7,1.7,"0 km ESE of Houston, Alaska",1739603901
2025,02,15,07:08:02,61.791,-149.5146,36.4,1.4,"15 km WNW of Fishhook, Alaska",1739603282
2025,02,15,06:53:31,31.666,-104.196,7.2,1.7,"54 km NW of Toyah, Texas",1739602411
2025,02,15,06:47:15,38.7422,-122.7098,1,1.4,"4 km SW of Anderson Springs, CA",1739602035
2025,02,15,06:45:02,60.1389,-152.8564,98.7,1.8,"66 km WNW of Happy Valley, Alaska",1739601902
2025,02,15,06:41:10,38.74,-122.7118,1.6,2,"4 km SW of Anderson Springs, CA",1739601670
2025,02,15,06:30:09,38.7387,-122.706,-0.3,1.2,"4 km SSW of Anderson Springs, CA",1739601009
2025,02,15,06:24:50,38.7427,-122.7088,0.7,0.7,"4 km SSW of Anderson Springs, CA",1739600690
2025,02,15,06:12:20,38.825,-122.7657,2,0.7,"4 km WNW of Cobb, CA",1739599940
2025,02,15,06:03:54,33.2397,-116.782,15.4,0.7,"2 km W of Lake Henshaw, CA",1739599434
2025,02,15,06:02:32,31.665,-104.194,5.9,1.4,"54 km NW of Toyah, Texas",1739599352
2025,02,15,06:01:08,38.7428,-122.7083,1.1,1.6,"4 km SSW of Anderson Springs, CA",1739599268
2025,02,15,05:58:46,31.666,-104.181,6.1,2.1,"53 km NW of Toyah, Texas",1739599126
2025,02,15,05:56:02,38.759,-122.7208,1.1,1.1,"3 km WSW of Anderson Springs, CA",1739598962
2025,02,15,05:44:09,36.2187,-120.7848,5.3,1,"23 km ENE of San Lucas, CA",1739598249
2025,02,15,05:43:14,31.652,-104.202,7.8,1.8,"53 km NW of Toyah, Texas",1739598194
2025,02,15,05:37:07,31.883,-101.731,7.2,1.8,"23 km W of Garden City, Texas",1739597827
2025,02,15,05:36:20,31.666,-104.2,7.2,2,"54 km NW of Toyah, Texas",1739597780
2025,02,15,05:35:01,38.781,-122.7262,1.5,0.8,"3 km E of The Geysers, CA",1739597701
2025,02,15,05:32:44,31.88,-101.732,7.7,2.2,"23 km W of Garden City, Texas",1739597564
2025,02,15,05:30:34,31.671,-104.186,6,1.9,"54 km NW of Toyah, Texas",1739597434
2025,02,15,05:28:16,31.67,-104.187,4.9,2.6,"54 km NW of Toyah, Texas",1739597296
2025,02,15,05:27:25,31.667,-104.185,6.1,2.1,"53 km NW of Toyah, Texas",1739597245
2025,02,15,05:26:32,31.671,-104.186,6.1,2.6,"54 km NW of Toyah, Texas",1739597192
2025,02,15,05:25:28,31.671,-104.191,6.1,3.8,"54 km NW of Toyah, Texas",1739597128
2025,02,15,05:24:36,59.9349,-153.3408,153.7,2,"45 km ENE of Pedro Bay, Alaska",1739597076
2025,02,15,05:23:21,31.661,-104.18,6.6,5,"53 km NW of Toyah, Texas",1739597001
2025,02,15,05:13:35,61.6488,-148.0393,15.2,1.1,"27 km SW of Glacier View, Alaska",1739596415
2025,02,15,05:11:24,38.8375,-122.7985,2.8,0.4,"7 km WNW of Cobb, CA",1739596284
2025,02,15,05:11:23,36.2542,-120.4932,5.6,1.5,"17 km NNW of Coalinga, CA",1739596283
2025,02,15,05:03:17,34.0262,-116.813,13.1,1.3,"12 km N of Cabazon, CA",1739595797
2025,02,15,05:01:31,36.2708,-120.4705,14.3,1.5,"18 km NNW of Coalinga, CA",1739595691
2025,02,15,04:54:15,38.8227,-122.7862,1.2,0.3,"5 km WNW of Cobb, CA",1739595255
2025,02,15,04:53:27,17.9367,-66.8508,13.6,2.5,"6 km SE of Maria Antonia, Puerto Rico",1739595207
2025,02,15,04:41:01,38.8523,-122.8312,2.9,0.4,"10 km WNW of Cobb, CA",1739594461
2025,02,15,04:30:46,33.9898,-116.9768,16.6,1.8,"7 km N of Beaumont, CA",1739593846
2025,02,15,04:21:12,38.8488,-122.8277,1.9,0.8,"10 km WNW of Cobb, CA",1739593272
2025,02,15,04:08:51,18.0058,-66.9387,6.3,2.1,"3 km NW of Fuig, Puerto Rico",1739592531
2025,02,15,04:04:41,65.3663,-148.0722,12.9,1.7,"28 km SE of Livengood, Alaska",1739592281
2025,02,15,03:45:41,61.5171,-147.8405,23.3,1.2,"33 km SSW of Glacier View, Alaska",1739591141
2025,02,15,03:23:05,19.2758,-155.4122,31,2.2,"10 km NE of Pāhala, Hawaii",1739589785
2025,02,15,03:17:06,60.6565,-151.9201,76.6,1.4,"33 km W of Salamatof, Alaska",1739589426
2025,02,15,02:59:43,61.1548,-151.1546,60.2,1.3,"4 km WNW of Beluga, Alaska",1739588383
2025,02,15,02:53:54,32.462,-102.036,6.6,2.6,"30 km SSW of Los Ybanez, Texas",1739588034
2025,02,15,02:40:16,63.2961,-151.2975,3.2,1.9,"34 km SE of Denali National Park, Alaska",1739587216
2025,02,15,02:35:32,38.8325,-122.8083,2.6,0.3,"7 km WNW of Cobb, CA",1739586932
2025,02,15,02:25:37,40.2335,-121.1585,11.5,2.1,"2 km NE of Almanor, CA",1739586337
2025,02,15,02:20:30,32.755,-100.649,8.2,1.8,"16 km NE of Hermleigh, Texas",1739586030
2025,02,15,02:03:36,38.804,-122.7797,1.9,1.2,"4 km NNW of The Geysers, CA",1739585016
2025,02,15,01:56:49,38.8008,-122.7365,1.8,0.7,"3 km SW of Cobb, CA",1739584609
2025,02,15,01:48:10,49.9839,88.3027,10,5.7,"26 km W of Kosh-Agach, Russia",1739584090
2025,02,15,01:40:47,59.7575,-153.092,103.5,1.7,"57 km E of Pedro Bay, Alaska",1739583647
2025,02,15,01:39:57,38.8343,-122.805,2.9,1.3,"7 km WNW of Cobb, CA",1739583597
2025,02,15,01:27:26,34.0532,-118.9245,13.3,2,"12 km WNW of Malibu, CA",1739582846
2025,02,15,01:23:27,38.8273,-122.8015,1.8,1.3,"7 km NNW of The Geysers, CA",1739582607
2025,02,15,01:22:13,38.8285,-122.8568,3.3,0.3,"10 km NW of The Geysers, CA",1739582533
2025,02,15,01:18:48,11.5623,125.7848,10,5.3,"30 km ENE of Llorente, Philippines",1739582328
2025,02,15,00:43:05,38.8283,-122.8218,1.6,1.1,"8 km NNW of The Geysers, CA",1739580185
2025,02,15,00:29:01,12.7575,122.97,32.2,5,"32 km WSW of Mabiton, Philippines",1739579341
2025,02,15,00:05:50,38.8365,-122.782,2.3,0.2,"5 km WNW of Cobb, CA",1739577950
2025,02,14,23:57:00,54.586,-164.572,5.8,0.4,"80 km WSW of False Pass, Alaska",1739577420
2025,02,14,23:43:59,59.9932,-151.4654,46.5,2,"12 km ESE of Ninilchik, Alaska",1739576639
2025,02,14,23:42:44,38.7523,-122.718,1.3,1.5,"3 km SW of Anderson Springs, CA",1739576564
2025,02,14,23:42:35,38.7527,-122.7175,1.2,1.2,"3 km SW of Anderson Springs, CA",1739576555
2025,02,14,23:42:22,38.7503,-122.7175,1.1,1.6,"4 km SW of Anderson Springs, CA",1739576542
2025,02,14,23:33:37,38.8298,-122.814,1.5,1.1,"8 km NNW of The Geysers, CA",1739576017
2025,02,14,23:29:21,56.946,-157.6873,5.3,1,"65 km SSW of Ugashik, Alaska",1739575761
2025,02,14,23:14:17,37.3958,-118.5962,13.6,1.7,"2 km S of Round Valley, CA",1739574857
2025,02,14,23:11:00,32.452,-102.032,8.5,1.4,"30 km WSW of Ackerly, Texas",1739574660
2025,02,14,23:03:39,38.778,-122.7262,2,0.3,"3 km E of The Geysers, CA",1739574219
2025,02,14,23:01:49,38.8282,-122.8153,2.3,0.7,"8 km NNW of The Geysers, CA",1739574109
2025,02,14,22:55:13,38.8313,-122.8133,1.7,1.8,"8 km NNW of The Geysers, CA",1739573713
2025,02,14,22:49:45,59.2105,-138.8834,11.2,2.4,"60 km SE of Yakutat, Alaska",1739573385
2025,02,14,22:26:00,35.6733,-117.5215,5.1,2,"15 km SW of Searles Valley, CA",1739571960
2025,02,14,22:21:37,19.0783,-155.3705,35,2.8,"17 km SE of Pāhala, Hawaii",1739571697
2025,02,14,22:20:09,38.8255,-122.8545,2.5,0.8,"10 km NW of The Geysers, CA",1739571609
2025,02,14,22:14:37,53.9483,-166.5667,10,0.5,"6 km NNW of Dutch Harbor, Alaska",1739571277
2025,02,14,22:11:08,51.9623,179.5168,4.6,1,"264 km W of Adak, Alaska",1739571068
2025,02,14,22:09:31,38.7775,-122.7055,2.1,1.1,"1 km WNW of Anderson Springs, CA",1739570971
2025,02,14,22:05:01,38.7465,-122.7073,1.1,0.5,"3 km SW of Anderson Springs, CA",1739570701
2025,02,14,22:04:38,38.7475,-122.7018,1.8,0.4,"3 km SSW of Anderson Springs, CA",1739570678
2025,02,14,22:03:59,51.916,-176.7973,0.6,1.3,"12 km WNW of Adak, Alaska",1739570639
2025,02,14,22:03:47,38.7467,-122.712,1.4,1.9,"4 km SW of Anderson Springs, CA",1739570627
2025,02,14,22:02:44,38.8243,-122.851,2.2,0.2,"10 km NW of The Geysers, CA",1739570564
2025,02,14,21:47:00,63.3338,-147.8333,36.6,1.5,"56 km E of Cantwell, Alaska",1739569620
2025,02,14,21:30:03,-11.8426,166.214,38.6,5,"131 km SSE of Lata, Solomon Islands",1739568603
2025,02,14,21:19:22,37.544,-117.873,2.9,1.1,"21 km SE of Dyer, Nevada",1739567962
2025,02,14,21:06:41,34.1613,-117.2662,7.6,1.1,"4 km NE of San Bernardino, CA",1739567201
2025,02,14,21:00:14,38.8283,-122.8555,2.7,1.1,"10 km NW of The Geysers, CA",1739566814
2025,02,14,20:56:17,3.5028,127.8798,128.6,4.6,"196 km N of Tobelo, Indonesia",1739566577
2025,02,14,20:55:50,19.2622,-155.4117,30.5,2,"9 km NE of Pāhala, Hawaii",1739566550
2025,02,14,20:30:27,-7.4533,128.3167,175.5,4.2,"187 km NE of Lospalos, Timor Leste",1739565027
2025,02,14,20:28:24,51.4278,-178.5872,3.4,1.4,"143 km WSW of Adak, Alaska",1739564904
2025,02,14,20:28:23,8.9674,39.9539,10,6,"8 km NNE of Metahāra, Ethiopia",1739564903
2025,02,14,20:27:39,51.833,179.5845,7.5,1.2,"260 km W of Adak, Alaska",1739564859
2025,02,14,20:19:44,38.8223,-122.8532,2.8,0.7,"10 km NW of The Geysers, CA",1739564384
2025,02,14,20:18:56,36.5904,25.7022,17.4,4.3,"30 km NE of Firá, Greece",1739564336
2025,02,14,20:12:55,53.9482,-166.5732,9.4,0.7,"6 km NNW of Dutch Harbor, Alaska",1739563975
2025,02,14,20:12:44,38.7705,-122.7048,2.6,0.5,"1 km WSW of Anderson Springs, CA",1739563964
2025,02,14,20:11:17,38.8462,-122.8777,2,0.9,"13 km E of Cloverdale, CA",1739563877
2025,02,14,20:06:48,33.8198,-117.4847,2.4,1.7,"7 km SSE of Home Gardens, CA",1739563608
2025,02,14,20:03:59,61.3332,-152.285,2.7,0.7,"68 km WNW of Beluga, Alaska",1739563439
2025,02,14,20:02:29,38.7938,-122.7802,3.2,1.5,"3 km NW of The Geysers, CA",1739563349
2025,02,14,20:02:23,57.0223,-135.6845,6.9,0.1,"21 km W of Sitka, Alaska",1739563343
2025,02,14,19:59:23,46.0033,-112.4693,-2,1.6,"5 km E of Butte, Montana",1739563163
2025,02,14,19:58:04,38.8252,-122.8527,2,0.3,"10 km NW of The Geysers, CA",1739563084
2025,02,14,19:52:04,37.9007,-121.9895,7.8,1.6,"7 km WSW of Clayton, CA",1739562724
2025,02,14,19:45:02,36.7247,-116.0074,4.4,0.2,"34 km WNW of Indian Springs, Nevada",1739562302
2025,02,14,19:33:04,31.917,-102.457,6.4,2.3,"9 km NNE of West Odessa, Texas",1739561584
2025,02,14,19:29:01,51.9427,179.563,6,0.5,"261 km W of Adak, Alaska",1739561341
2025,02,14,19:25:48,38.8185,-122.7595,2.4,0.4,"3 km W of Cobb, CA",1739561148
2025,02,14,19:18:10,51.8812,-176.6288,0.9,0.8,"0 km NNE of Adak, Alaska",1739560690
2025,02,14,19:17:48,19.2045,-66.4561,7,3.5,"82 km N of Tierras Nuevas Poniente, Puerto Rico",1739560668
2025,02,14,18:58:07,36.56,-117.0877,2.4,0.8,"24 km WNW of Furnace Creek, California",1739559487
2025,02,14,18:53:13,-17.2932,167.527,13.8,4.9,"96 km WNW of Port-Vila, Vanuatu",1739559193
2025,02,14,18:50:10,38.8205,-122.8525,3.2,0.3,"10 km NW of The Geysers, CA",1739559010
2025,02,14,18:48:10,38.8225,-122.8502,2.8,1.3,"10 km NW of The Geysers, CA",1739558890
2025,02,14,18:46:10,38.7853,-122.7743,3.2,1.1,"2 km NW of The Geysers, CA",1739558770
2025,02,14,18:44:07,38.8192,-122.8648,3.1,0.8,"10 km NW of The Geysers, CA",1739558647
2025,02,14,18:36:41,38.8245,-122.8508,1.8,0.8,"10 km NW of The Geysers, CA",1739558201
2025,02,14,18:31:01,38.8267,-122.8542,2.4,0.8,"10 km NW of The Geysers, CA",1739557861
2025,02,14,18:29:56,38.8267,-122.8542,2.5,0.8,"10 km NW of The Geysers, CA",1739557796
2025,02,14,18:29:35,38.826,-122.8537,2.6,0.7,"10 km NW of The Geysers, CA",1739557775
2025,02,14,18:29:26,38.8258,-122.854,2.6,0.4,"10 km NW of The Geysers, CA",1739557766
2025,02,14,18:28:04,38.8233,-122.8533,2.7,1,"10 km NW of The Geysers, CA",1739557684
2025,02,14,18:27:56,38.8237,-122.8528,2.6,1.5,"10 km NW of The Geysers, CA",1739557676
2025,02,14,18:26:04,38.8257,-122.853,2.2,0.6,"10 km NW of The Geysers, CA",1739557564
2025,02,14,18:25:27,38.8257,-122.8542,2.3,1,"10 km NW of The Geysers, CA",1739557527
2025,02,14,18:23:52,38.8258,-122.8538,2,1.1,"10 km NW of The Geysers, CA",1739557432
2025,02,14,18:23:25,38.8257,-122.854,1.9,2.3,"10 km NW of The Geysers, CA",1739557405
2025,02,14,18:23:21,38.8253,-122.8533,1.9,2.2,"10 km NW of The Geysers, CA",1739557401
2025,02,14,18:23:12,38.8253,-122.8535,2.4,0.3,"10 km NW of The Geysers, CA",1739557392
2025,02,14,18:23:09,51.922,179.5607,7.4,1.1,"261 km W of Adak, Alaska",1739557389
2025,02,14,18:22:12,38.824,-122.8543,2.2,1.7,"10 km NW of The Geysers, CA",1739557332
2025,02,14,18:21:43,38.8237,-122.8527,2.4,1,"10 km NW of The Geysers, CA",1739557303
2025,02,14,18:21:31,38.8237,-122.8507,2.2,0.3,"10 km NW of The Geysers, CA",1739557291
2025,02,14,18:21:08,38.826,-122.854,2.4,1.7,"10 km NW of The Geysers, CA",1739557268
2025,02,14,18:20:42,38.8205,-122.8497,2.9,2.9,"9 km NW of The Geysers, CA",1739557242
2025,02,14,18:15:23,38.8207,-122.8422,2.3,1.8,"9 km NW of The Geysers, CA",1739556923
2025,02,14,18:05:31,19.174,-155.4937,31.4,1.8,"3 km SSW of Pāhala, Hawaii",1739556331
2025,02,14,17:53:56,60.6749,-150.3389,48.7,1.7,"27 km ENE of Sterling, Alaska",1739555636
2025,02,14,17:49:42,37.2613,-113.2948,4.7,1.6,"1 km NW of Toquerville, Utah",1739555382
2025,02,14,17:48:25,37.2613,-113.282,3.1,1.6,"0 km NNE of Toquerville, Utah",1739555305
2025,02,14,17:48:09,37.2602,-113.2953,2.3,1.7,"1 km NW of Toquerville, Utah",1739555289
2025,02,14,17:40:32,37.3153,-117.6614,3.5,1.6,"48 km S of Silver Peak, Nevada",1739554832
2025,02,14,17:35:59,51.8607,-177.8123,3.5,0.5,"81 km W of Adak, Alaska",1739554559
2025,02,14,17:30:53,57.8658,-156.0267,116.3,1.9,"88 km ESE of Egegik, Alaska",1739554253
2025,02,14,17:24:08,38.8362,-122.817,1.9,0.2,"8 km WNW of Cobb, CA",1739553848
2025,02,14,17:23:28,38.8267,-122.801,2.1,0.6,"7 km NNW of The Geysers, CA",1739553808
2025,02,14,17:17:52,38.8017,-122.7803,3.5,0.5,"3 km NNW of The Geysers, CA",1739553472
2025,02,14,17:11:46,36.1855,-118.0325,1.6,1.6,"11 km SSW of Olancha, CA",1739553106
2025,02,14,17:07:59,-39.8901,174.9615,73.9,4.5,"8 km WNW of Whanganui, New Zealand",1739552879
2025,02,14,17:05:53,32.418,-102.128,7.9,1.2,"38 km SSW of Los Ybanez, Texas",1739552753
2025,02,14,17:05:03,38.7283,-122.8122,6.4,0.7,"7 km SW of The Geysers, CA",1739552703
2025,02,14,17:04:06,31.567,-104.182,6.8,1.8,"46 km NW of Toyah, Texas",1739552646
2025,02,14,17:01:23,19.4722,-155.4362,1.6,1.9,"21 km W of Volcano, Hawaii",1739552483
2025,02,14,16:43:16,60.2085,-141.6134,2,1.7,"128 km NW of Yakutat, Alaska",1739551396
2025,02,14,16:39:59,28.871,-98.327,10.6,1.7,"18 km SE of Pleasanton, Texas",1739551199
2025,02,14,16:34:00,36.0793,-120.2443,7.6,1.5,"12 km SE of Coalinga, CA",1739550840
2025,02,14,16:22:22,36.1472,-118.0662,2.5,1.7,"16 km NW of Coso Junction, CA",1739550142
2025,02,14,16:19:27,36.148,-118.0633,2.8,2,"15 km NW of Coso Junction, CA",1739549967
2025,02,14,16:16:35,51.8937,-177.8382,3.3,1.5,"82 km W of Adak, Alaska",1739549795
2025,02,14,15:58:54,30.9806,142.3395,10,4.8,"Izu Islands, Japan region",1739548734
2025,02,14,15:52:01,33.5928,-117.9455,6,1.4,"3 km SSW of Newport Beach, CA",1739548321
2025,02,14,15:37:09,33.5677,-118.1763,9.6,1.8,"20 km SSW of Seal Beach, CA",1739547429
2025,02,14,15:32:03,60.5595,-148.3887,13.9,2,"28 km SE of Whittier, Alaska",1739547123
2025,02,14,15:29:31,53.0736,-161.2448,10,3.8,"232 km SSE of King Cove, Alaska",1739546971
2025,02,14,15:26:55,16.1209,-98.7884,10,4.8,"43 km SW of Montecillos, Mexico",1739546815
2025,02,14,15:23:32,51.9377,179.6097,17.7,0.7,"258 km W of Adak, Alaska",1739546612
2025,02,14,15:12:51,33.495,-116.7622,8.3,1,"11 km SW of Anza, CA",1739545971
2025,02,14,15:11:58,55.1918,-160.5175,78.8,3.1,"16 km S of Sand Point, Alaska",1739545918
2025,02,14,15:04:17,18.9887,-155.4217,34.9,3.8,"18 km ESE of Naalehu, Hawaii",1739545457
2025,02,14,14:58:13,36.147,-118.0687,3.2,1.9,"16 km NW of Coso Junction, CA",1739545093
2025,02,14,14:54:57,19.1732,-155.4942,30.8,2,"3 km SSW of Pāhala, Hawaii",1739544897
2025,02,14,14:49:44,38.8272,-122.8007,1.8,0.7,"7 km NNW of The Geysers, CA",1739544584
2025,02,14,14:44:45,53.8265,-166.5023,7,0.3,"5 km SSE of Unalaska, Alaska",1739544285
2025,02,14,14:44:24,1.9604,127.488,122.4,4.6,"63 km WNW of Tobelo, Indonesia",1739544264
2025,02,14,14:38:12,-7.9665,116.9943,281.2,4.4,"69 km NNE of Labuan Lombok, Indonesia",1739543892
2025,02,14,14:30:23,36.1482,-118.0613,3.7,1.6,"15 km NW of Coso Junction, CA",1739543423
2025,02,14,14:24:22,65.3663,-148.0787,14.4,1,"27 km SE of Livengood, Alaska",1739543062
2025,02,14,14:21:14,0.6903,-85.6172,10,4.7,"off the coast of Ecuador",1739542874
2025,02,14,14:16:31,38.8063,-122.8255,2.9,1.3,"7 km NW of The Geysers, CA",1739542591
2025,02,14,14:05:53,33.02,-116.3535,11.9,1,"24 km ESE of Julian, CA",1739541953
2025,02,14,14:03:42,44.625,-112.0863,8.5,1.2,"30 km NNE of Spencer, Idaho",1739541822
2025,02,14,13:54:54,61.4955,-147.7964,20,1.7,"35 km SSW of Glacier View, Alaska",1739541294
2025,02,14,13:47:19,52.8232,-169.9597,-1.7,0.6,"75 km W of Nikolski, Alaska",1739540839
2025,02,14,13:43:00,28.884,-98.197,5.7,1.8,"20 km WSW of Falls City, Texas",1739540580
2025,02,14,13:31:38,19.4037,-155.4172,7.9,1.4,"19 km WSW of Volcano, Hawaii",1739539898
2025,02,14,13:29:39,28.747,-98.858,7.8,2.6,"19 km SW of Charlotte, Texas",1739539779
2025,02,14,13:22:45,11.432,125.6948,10,4.5,"14 km NE of Hernani, Philippines",1739539365
2025,02,14,13:18:47,36.0818,-120.6327,6.2,0.5,"25 km E of San Ardo, CA",1739539127
2025,02,14,13:01:02,51.9778,178.4943,3.5,0.3,"Rat Islands, Aleutian Islands, Alaska",1739538062
2025,02,14,12:50:04,11.6079,125.829,10,5.3,"37 km NE of Llorente, Philippines",1739537404
2025,02,14,12:49:15,57.7478,-153.9032,35.7,2.1,"23 km N of Larsen Bay, Alaska",1739537355
2025,02,14,12:38:58,28.897,-98.195,6.6,2.4,"19 km WSW of Falls City, Texas",1739536738
2025,02,14,12:33:45,19.1635,-64.7141,28,3.6,"92 km N of Cruz Bay, U.S. Virgin Islands",1739536425
2025,02,14,12:33:31,61.7371,-149.7798,35,1.6,"12 km N of Houston, Alaska",1739536411
2025,02,14,12:28:33,-7.3394,105.6007,56.3,5.1,"109 km SSW of Labuan, Indonesia",1739536113
2025,02,14,11:51:55,52.8427,-169.8857,5.3,0.7,"69 km W of Nikolski, Alaska",1739533915
2025,02,14,11:51:34,18.0627,-66.2542,28.9,2.3,"1 km WSW of Vázquez, Puerto Rico",1739533894
2025,02,14,11:14:38,60.8917,-150.8065,54.1,1.4,"7 km WSW of Point Possession, Alaska",1739531678
2025,02,14,10:56:04,60.5624,-150.0259,40.1,1.7,"13 km NW of Cooper Landing, Alaska",1739530564
2025,02,14,10:45:26,31.652,-104.428,5.2,1.9,"58 km S of Whites City, New Mexico",1739529926
2025,02,14,10:38:09,-3.9475,145.0597,10,4.6,"111 km E of Angoram, Papua New Guinea",1739529489
2025,02,14,10:23:08,37.319,-117.6648,5.5,1.4,"48 km S of Silver Peak, Nevada",1739528588
2025,02,14,10:21:24,37.1635,-112.789,6.5,0.6,"18 km SW of Orderville, Utah",1739528484
2025,02,14,10:19:20,48.0945,-114.6322,5,0.1,"2 km ESE of Marion, Montana",1739528360
2025,02,14,09:52:03,66.3909,-162.208,19.6,2.5,"42 km NNE of Deering, Alaska",1739526723
2025,02,14,09:46:33,-58.9359,-22.9486,10,5.1,"South Sandwich Islands region",1739526393
2025,02,14,09:40:54,47.721,-117.637,-0,1.3,"9 km NNW of Airway Heights, Washington",1739526054
2025,02,14,09:30:53,34.8775,-117.0432,8.7,1.5,"3 km SW of Barstow, CA",1739525453
2025,02,14,09:27:41,-5.8459,145.5144,108,4.8,"29 km NNE of Goroka, Papua New Guinea",1739525261
2025,02,14,09:02:53,32.422,-102.13,7.3,1.2,"38 km SSW of Los Ybanez, Texas",1739523773
2025,02,14,09:00:32,34.0422,-117.243,14.6,1.3,"2 km ESE of Loma Linda, CA",1739523632
2025,02,14,08:58:31,60.9789,-151.4637,68.5,1.2,"20 km WSW of Tyonek, Alaska",1739523511
2025,02,14,08:44:34,38.8342,-122.812,2,0.6,"8 km WNW of Cobb, CA",1739522674
2025,02,14,08:16:42,38.83,-122.853,1.8,0.4,"10 km NW of The Geysers, CA",1739521002
2025,02,14,08:16:35,33.4602,-116.6175,9.4,0.8,"12 km SSE of Anza, CA",1739520995
2025,02,14,08:09:58,-4.3774,143.7281,116.4,4.8,"51 km SW of Angoram, Papua New Guinea",1739520598
2025,02,14,08:09:50,34.3305,-119.0243,13.4,1.5,"4 km SE of Santa Paula, CA",1739520590
2025,02,14,08:08:57,38.7947,-122.7653,1.4,1.1,"2 km  of The Geysers, CA",1739520537
2025,02,14,07:52:04,57.9312,-157.2897,6.7,0.9,"32 km S of Egegik, Alaska",1739519524
2025,02,14,07:41:28,31.898,-101.746,8.1,1.7,"25 km W of Garden City, Texas",1739518888
2025,02,14,07:28:01,63.0773,-150.6349,116.5,1.5,"65 km N of Petersville, Alaska",1739518081
2025,02,14,07:26:23,17.4536,-83.2889,10,4.7,"211 km NNE of Barra Patuca, Honduras",1739517983
2025,02,14,06:59:53,36.2223,-117.8858,8.8,1.3,"13 km ESE of Olancha, CA",1739516393
2025,02,14,06:48:00,28.858,-98.188,7.2,1.4,"21 km SW of Falls City, Texas",1739515680
2025,02,14,06:39:50,1.1194,-85.2951,10,5.2,"off the coast of Ecuador",1739515190
2025,02,14,06:34:02,19.454,-154.879,7.1,2.1,"4 km ESE of Leilani Estates, Hawaii",1739514842
2025,02,14,05:59:18,48.2913,-123.2793,40.2,3.7,"16 km SSE of Victoria, Canada",1739512758
2025,02,14,05:55:07,59.786,-152.7115,40.2,1.5,"49 km W of Anchor Point, Alaska",1739512507
2025,02,14,05:48:34,62.7132,-148.9827,2.2,1.6,"64 km ENE of Chase, Alaska",1739512114
2025,02,14,05:37:59,32.121,-101.639,7.7,1,"14 km E of Stanton, Texas",1739511479
2025,02,14,05:37:31,36.037,-117.7668,2.2,1,"16 km E of Coso Junction, CA",1739511451
2025,02,14,05:25:38,60.3617,-152.6061,101.8,1.4,"62 km WNW of Ninilchik, Alaska",1739510738
2025,02,14,05:16:51,44.7338,-112.498,1.4,0.6,"13 km NE of Lima, Montana",1739510211
2025,02,14,05:03:23,37.6405,-122.0605,3.2,1.9,"1 km ESE of Hayward, CA",1739509403
2025,02,14,04:33:05,19.266,-155.415,30.3,2,"9 km NE of Pāhala, Hawaii",1739507585
2025,02,14,04:30:09,61.0573,-150.733,48.3,1.3,"15 km N of Point Possession, Alaska",1739507409
2025,02,14,04:25:41,61.5317,-151.0787,57.6,2.1,"30 km W of Susitna, Alaska",1739507141
2025,02,14,04:25:18,37.1248,-112.866,17.3,1.5,"13 km ESE of Springdale, Utah",1739507118
2025,02,14,04:13:12,53.9507,-166.6053,9.4,0.2,"7 km NNW of Dutch Harbor, Alaska",1739506392
2025,02,14,04:10:22,38.4102,-122.2727,16.8,2.2,"8 km E of Yountville, CA",1739506222
2025,02,14,04:08:42,38.8397,-122.8252,2.5,1.1,"9 km WNW of Cobb, CA",1739506122
2025,02,14,04:08:16,38.8405,-122.8263,3.4,0.9,"9 km WNW of Cobb, CA",1739506096
2025,02,14,03:46:41,33.3013,-116.1225,9,1.5,"16 km W of Salton City, CA",1739504801
2025,02,14,03:29:24,28.921,-98.217,9.8,1.8,"20 km WSW of Falls City, Texas",1739503764
2025,02,14,03:22:48,37.8992,-121.9822,9.6,2.3,"6 km SW of Clayton, CA",1739503368
2025,02,14,03:16:42,37.2941,-117.5827,7.6,1.8,"51 km S of Silver Peak, Nevada",1739503002
2025,02,14,02:47:38,52.0568,-176.192,7.2,0.6,"36 km ENE of Adak, Alaska",1739501258
2025,02,14,02:31:33,51.8817,179.562,12.8,1.1,"261 km W of Adak, Alaska",1739500293
2025,02,14,02:30:42,32.403,-102.068,8.1,1.4,"35 km WSW of Ackerly, Texas",1739500242
2025,02,14,02:30:41,36.0638,-120.2102,9.4,1.9,"10 km NW of Avenal, CA",1739500241
2025,02,14,02:16:43,44.1912,-115.1002,8,1.8,"13 km WSW of Stanley, Idaho",1739499403
2025,02,14,02:12:25,38.8198,-122.8442,1.8,0.5,"9 km NW of The Geysers, CA",1739499145
2025,02,14,02:10:18,38.8358,-122.8128,2.3,0.8,"8 km WNW of Cobb, CA",1739499018
2025,02,14,02:10:16,44.2022,-115.093,8.8,2.4,"12 km W of Stanley, Idaho",1739499016
2025,02,14,02:05:33,53.9433,-166.5778,9.3,0.2,"6 km NNW of Dutch Harbor, Alaska",1739498733
2025,02,14,02:03:39,38.8227,-122.8038,3.7,1.1,"7 km NNW of The Geysers, CA",1739498619
2025,02,14,02:02:42,36.7081,71.3264,176.7,4,"18 km W of Ashkāsham, Afghanistan",1739498562
2025,02,14,01:50:26,38.8182,-122.7627,1.9,1.1,"3 km W of Cobb, CA",1739497826
2025,02,14,01:48:00,33.6323,-116.703,13.4,1.3,"9 km NNW of Anza, CA",1739497680
2025,02,14,01:48:00,33.6442,-116.6877,13,1.1,"10 km N of Anza, CA",1739497680
2025,02,14,01:37:45,38.8142,-122.7938,2.3,1.3,"5 km NNW of The Geysers, CA",1739497065
2025,02,14,01:34:23,33.6663,-116.7113,15.3,1,"8 km S of Idyllwild, CA",1739496863
2025,02,14,01:32:54,45.4459,151.1704,35,4.9,"259 km E of Kuril’sk, Russia",1739496774
2025,02,14,01:31:54,64.1151,-147.4004,109.1,1.5,"48 km SW of Harding-Birch Lakes, Alaska",1739496714
2025,02,14,01:29:26,18.7092,-67.1317,65,3.2,"24 km N of San Antonio, Puerto Rico",1739496566
2025,02,14,01:22:46,49.8705,-179.4152,11.8,2.9,"296 km SW of Adak, Alaska",1739496166
2025,02,14,01:17:33,44.9945,-111.8983,2.7,1.9,"33 km S of Virginia City, Montana",1739495853
2025,02,14,01:16:47,33.6363,-116.6968,13.4,0.4,"9 km NNW of Anza, CA",1739495807
2025,02,14,01:13:11,35.5888,-120.6735,7.3,1.9,"4 km S of Paso Robles, CA",1739495591
2025,02,14,01:00:55,53.9465,-166.5708,8.8,0.2,"6 km NNW of Dutch Harbor, Alaska",1739494855
2025,02,14,00:45:06,37.9405,-122.1162,9.4,2.5,"5 km W of Pleasant Hill, CA",1739493906
2025,02,14,00:30:37,33.288,-116.1263,7.4,1.2,"16 km W of Salton City, CA",1739493037
2025,02,14,00:22:58,-6.9839,129.5924,156.3,5,"Banda Sea",1739492578
2025,02,14,00:22:54,44.7155,-112.486,8.5,2,"12 km NE of Lima, Montana",1739492574
2025,02,14,00:18:12,6.6447,-84.4152,10,4.5,"229 km SW of Burica, Panama",1739492292
2025,02,14,00:17:04,36.0827,-120.1838,11.9,4.3,"10 km NNW of Avenal, CA",1739492224
2025,02,14,00:00:19,53.95,-166.5687,9.6,0.8,"6 km NNW of Dutch Harbor, Alaska",1739491219
2025,02,13,23:59:27,55.6162,-154.9119,9.1,5.8,"154 km SSW of Akhiok, Alaska",1739491167
2025,02,13,23:53:20,44.1965,-115.0973,1.8,1.6,"12 km W of Stanley, Idaho",1739490800
2025,02,13,23:47:01,46.8543,-121.7525,2.3,0.2,"23 km ENE of Ashford, Washington",1739490421
2025,02,13,23:41:01,62.9802,-149.4082,67.9,1.8,"51 km SSW of Cantwell, Alaska",1739490061
2025,02,13,23:39:33,53.9362,-166.5843,10,0.3,"5 km NNW of Dutch Harbor, Alaska",1739489973
2025,02,13,23:29:12,61.8614,-149.7673,25.6,1.4,"19 km NE of Willow, Alaska",1739489352
2025,02,13,23:07:10,38.0178,-122.3473,20.4,2.4,"3 km NW of Bayview-Montalvin, CA",1739488030
2025,02,13,23:03:53,38.8195,-122.8427,2.3,1.2,"9 km NW of The Geysers, CA",1739487833
2025,02,13,22:41:49,35.7058,-117.5303,9.8,1.4,"13 km WSW of Searles Valley, CA",1739486509
2025,02,13,22:41:09,42.4303,-123.2002,-0.6,1.5,"2 km WSW of Rogue River, Oregon",1739486469
2025,02,13,22:40:24,51.9752,178.51,4.3,0.3,"Rat Islands, Aleutian Islands, Alaska",1739486424
2025,02,13,22:39:17,38.7923,-122.7785,2.5,0.7,"3 km NW of The Geysers, CA",1739486357
2025,02,13,22:30:17,63.1057,-150.7373,103.1,2,"67 km N of Petersville, Alaska",1739485817
2025,02,13,22:29:37,38.8247,-122.7635,1.8,1.6,"4 km WNW of Cobb, CA",1739485777
2025,02,13,22:24:06,37.6445,-122.049,4.7,2.2,"2 km E of Hayward, CA",1739485446
2025,02,13,22:01:17,57.9715,-154.6443,59.1,1.4,"46 km NNW of Karluk, Alaska",1739484077
2025,02,13,21:59:16,37.6472,-122.0522,5.8,3.6,"2 km E of Hayward, CA",1739483956
2025,02,13,21:33:42,36.4625,-98.8112,6.5,1.4,"14 km SSE of Waynoka, Oklahoma",1739482422
2025,02,13,21:29:55,-20.7723,-178.4451,576.6,4.5,"Fiji region",1739482195
2025,02,13,21:20:55,-58.7595,-25.4745,57.8,4.8,"South Sandwich Islands region",1739481655
2025,02,13,21:15:14,37.4748,-118.8137,6,0.8,"15 km WSW of Toms Place, CA",1739481314
2025,02,13,21:10:31,61.9329,-143.7118,10,1.7,"60 km NE of Chitina, Alaska",1739481031
2025,02,13,21:09:09,34.5355,-96.613,2,1.1,"15 km SSW of Stonewall, Oklahoma",1739480949
2025,02,13,21:08:50,61.9329,-148.1565,31.6,1.7,"22 km NE of Chickaloon, Alaska",1739480930
2025,02,13,21:07:32,-6.2183,103.6477,43.3,4.8,"198 km WSW of Bandar Lampung, Indonesia",1739480852
2025,02,13,21:07:15,18.7545,-64.6005,33,3.7,"51 km NNE of Cruz Bay, U.S. Virgin Islands",1739480835
2025,02,13,21:00:43,33.4598,-116.6203,9.7,1.2,"12 km SSE of Anza, CA",1739480443
2025,02,13,21:00:27,38.777,-122.746,0.9,2.2,"1 km ESE of The Geysers, CA",1739480427
2025,02,13,20:56:00,35.5905,-118.5463,4.8,1.4,"5 km W of Bodfish, CA",1739480160
2025,02,13,20:52:16,60.408,-152.0455,83.7,3.2,"40 km W of Cohoe, Alaska",1739479936
2025,02,13,20:51:21,38.8337,-122.8157,2,0.9,"8 km NNW of The Geysers, CA",1739479881
2025,02,13,20:44:56,45.5356,26.346,120.8,4.3,"8 km NW of Gura Teghii, Romania",1739479496
2025,02,13,20:44:50,60.9651,-151.4303,61,1.4,"19 km SW of Tyonek, Alaska",1739479490
2025,02,13,20:39:23,48.0692,-115.14,5.1,0.9,"1 km S of Happys Inn, Montana",1739479163
2025,02,13,20:30:39,38.7358,-122.8247,29.8,1.3,"8 km WSW of The Geysers, CA",1739478639
2025,02,13,20:25:31,62.7085,-151.5932,112.8,1.2,"48 km WNW of Petersville, Alaska",1739478331
2025,02,13,20:22:35,37.6378,-122.059,-0.2,1.9,"2 km ESE of Hayward, CA",1739478155
2025,02,13,20:20:11,38.834,-122.813,2.1,0.9,"8 km WNW of Cobb, CA",1739478011
2025,02,13,20:12:28,53.549,-167.4913,16.8,0.9,"72 km WSW of Unalaska, Alaska",1739477548
2025,02,13,20:05:02,60.4507,-143.2609,10.3,1.8,"111 km S of McCarthy, Alaska",1739477102
2025,02,13,20:02:00,46.0155,-112.4603,-2,1.9,"5 km ENE of Butte, Montana",1739476920
2025,02,13,20:00:59,64.5004,-146.8872,0.9,1.3,"2 km SSE of Salcha, Alaska",1739476859
2025,02,13,19:54:14,37.6448,-122.0585,6.2,3.2,"2 km E of Hayward, CA",1739476454
2025,02,13,19:52:13,37.6478,-122.0538,5.7,3.3,"2 km E of Hayward, CA",1739476333
2025,02,13,19:39:57,40.3748,-124.988,10,2.7,"60 km WNW of Petrolia, CA",1739475597
2025,02,13,19:35:28,34.0212,-97.4682,4.8,1,"16 km SSW of Wilson, Oklahoma",1739475328
2025,02,13,19:29:47,35.5045,-84.4695,7.5,1.4,"6 km E of Niota, Tennessee",1739474987
2025,02,13,19:29:32,44.0165,-121.2468,-1.8,1.9,"7 km SE of Bend, Oregon",1739474972
2025,02,13,19:26:10,61.9451,-143.6502,5,2.3,"57 km SW of Nabesna, Alaska",1739474770
2025,02,13,19:14:29,60.808,-152.0599,75.8,1.5,"44 km WNW of Nikiski, Alaska",1739474069
2025,02,13,19:13:57,31.675,-104.417,6.4,1.9,"55 km S of Whites City, New Mexico",1739474037
2025,02,13,18:41:04,38.8155,-122.8195,1.9,1,"7 km NW of The Geysers, CA",1739472064
2025,02,13,18:37:19,47.8595,-121.949,14.2,0.6,"1 km ENE of Monroe, Washington",1739471839
2025,02,13,18:37:13,48.0673,-115.0987,12.6,1.2,"3 km ESE of Happys Inn, Montana",1739471833
2025,02,13,18:30:41,30.034,-103.331,6.1,2.9,"20 km SSW of Marathon, Texas",1739471441
2025,02,13,18:16:21,-6.4676,129.0734,10,5,"Banda Sea",1739470581
2025,02,13,18:12:17,51.3129,-179.86,16.2,3.6,"232 km WSW of Adak, Alaska",1739470337
2025,02,13,18:08:21,33.3663,-116.3762,11.7,0.4,"12 km N of Borrego Springs, CA",1739470101
2025,02,13,18:07:58,33.3703,-116.3818,10.5,1,"13 km N of Borrego Springs, CA",1739470078
2025,02,13,18:06:58,34.0688,-117.6877,11.2,1.7,"1 km SSE of Montclair, CA",1739470018
2025,02,13,17:51:07,31.617,-104.093,6.2,1.6,"43 km NW of Toyah, Texas",1739469067
2025,02,13,17:44:34,-10.7147,123.9343,10,4.6,"70 km SSE of Kupang, Indonesia",1739468674
2025,02,13,17:39:14,37.9362,-118.6683,11.3,1.4,"40 km ESE of Lee Vining, CA",1739468354
2025,02,13,17:37:02,33.2093,-115.5752,3.9,1.5,"6 km WSW of Niland, CA",1739468222
2025,02,13,17:24:04,52.3412,-174.1285,7.3,0.6,"16 km NNE of Atka, Alaska",1739467444
2025,02,13,17:19:52,38.7918,-122.7768,0.8,0.6,"2 km NW of The Geysers, CA",1739467192
2025,02,13,17:10:25,58.8819,-153.0854,68.4,1.5,"85 km SW of Nanwalek, Alaska",1739466625
2025,02,13,17:03:05,38.1415,-118.0034,12.2,2.5,"29 km SSE of Mina, Nevada",1739466185
2025,02,13,17:00:03,32.431,-102.106,7.4,0.9,"36 km SSW of Los Ybanez, Texas",1739466003
2025,02,13,16:56:52,38.8287,-122.8127,1.5,1,"8 km NNW of The Geysers, CA",1739465812
2025,02,13,16:52:36,60.7651,-150.7932,43.7,2.6,"18 km SSW of Point Possession, Alaska",1739465556
2025,02,13,16:45:02,52.3638,-174.168,2,0.3,"18 km N of Atka, Alaska",1739465102
2025,02,13,16:42:15,38.4827,-118.4901,1.3,1.5,"12 km ESE of Hawthorne, Nevada",1739464935
2025,02,13,16:38:34,35.6678,-88.7633,12.9,2.4,"7 km NE of Jackson, Tennessee",1739464714
2025,02,13,16:38:04,52.3595,-174.191,-2.3,0.6,"18 km N of Atka, Alaska",1739464684
2025,02,13,16:38:02,31.896,-101.755,8.1,1.7,"26 km S of Stanton, Texas",1739464682
2025,02,13,16:31:56,52.371,-174.161,6.4,0.6,"19 km N of Atka, Alaska",1739464316
2025,02,13,16:31:08,20.1582,-155.7948,23.5,3.1,"8 km S of Kapaau, Hawaii",1739464268
2025,02,13,16:29:42,52.3508,-174.1552,0.6,0.3,"17 km N of Atka, Alaska",1739464182
2025,02,13,16:29:11,52.3512,-174.1392,1.6,0.4,"17 km NNE of Atka, Alaska",1739464151
2025,02,13,16:21:38,52.3542,-174.132,2.7,0.3,"18 km NNE of Atka, Alaska",1739463698
2025,02,13,16:19:08,61.5121,-149.9978,16.4,1.4,"2 km WSW of Big Lake, Alaska",1739463548
2025,02,13,16:09:17,37.5318,-118.8777,2.6,0.5,"15 km SSE of Mammoth Lakes, CA",1739462957
2025,02,13,16:07:30,46.854,-121.7487,1.6,0.4,"24 km ENE of Ashford, Washington",1739462850
2025,02,13,16:00:02,36.6342,-121.2422,3.9,1.9,"14 km NNW of Pinnacles, CA",1739462402
2025,02,13,15:56:42,44.7818,-111.8877,10.4,1.1,"52 km NNE of Spencer, Idaho",1739462202
2025,02,13,15:54:50,52.3602,-174.133,-0.2,0.4,"18 km NNE of Atka, Alaska",1739462090
2025,02,13,15:50:42,52.3558,-174.1295,3.1,0.7,"18 km NNE of Atka, Alaska",1739461842
2025,02,13,15:49:44,52.3587,-174.1765,1.9,0.3,"18 km N of Atka, Alaska",1739461784
2025,02,13,15:47:13,38.8203,-122.7937,1.6,1.6,"6 km NNW of The Geysers, CA",1739461633
2025,02,13,15:42:21,36.5777,25.5149,10,4.7,"17 km NE of Oía, Greece",1739461341
2025,02,13,15:40:07,36.5561,25.5398,10,4.4,"17 km NNE of Firá, Greece",1739461207
2025,02,13,15:33:16,34.0605,-117.2973,17.4,1.1,"2 km SE of Colton, CA",1739460796
2025,02,13,15:31:14,63.7283,-149.4058,11.1,2.2,"24 km W of Denali Park, Alaska",1739460674
2025,02,13,15:29:08,38.1353,-117.9651,8.1,1.8,"30 km SSE of Mina, Nevada",1739460548
2025,02,13,15:13:30,32.403,-102.044,8.5,1.3,"33 km WSW of Ackerly, Texas",1739459610
2025,02,13,15:08:11,-6.5299,130.2826,150.2,4.8,"290 km WSW of Tual, Indonesia",1739459291
2025,02,13,15:07:43,32.448,-102.032,8.4,1.3,"30 km WSW of Ackerly, Texas",1739459263
2025,02,13,15:05:26,55.6986,-155.0916,3.4,3.3,"150 km SSW of Akhiok, Alaska",1739459126
2025,02,13,15:04:07,-15.654,-74.2785,58.9,4.6,"18 km NNE of Atiquipa, Peru",1739459047
2025,02,13,14:36:59,38.8338,-122.7845,2.1,1.4,"5 km WNW of Cobb, CA",1739457419
2025,02,13,14:30:32,33.1903,-116.3715,11.7,0.7,"7 km S of Borrego Springs, CA",1739457032
2025,02,13,14:12:18,45.8603,-111.3288,5,0.5,"0 km NE of Manhattan, Montana",1739455938
2025,02,13,14:10:44,18.1193,-66.7578,19.6,2.6,"6 km SW of Adjuntas, Puerto Rico",1739455844
2025,02,13,13:59:07,33.9917,-116.6952,13.6,1.1,"12 km NE of Cabazon, CA",1739455147
2025,02,13,13:59:05,33.9978,-116.696,16.5,0.7,"12 km WSW of Morongo Valley, CA",1739455145
2025,02,13,13:56:02,61.3092,-152.2523,1.2,0.5,"65 km WNW of Beluga, Alaska",1739454962
2025,02,13,13:36:47,32.455,-102.036,8.2,1.5,"31 km WSW of Ackerly, Texas",1739453807
2025,02,13,13:35:40,18.0993,-66.725,25.8,2.3,"4 km N of Peñuelas, Puerto Rico",1739453740
2025,02,13,13:30:29,35.6,-118.339,2.7,1.3,"12 km E of Lake Isabella, CA",1739453429
2025,02,13,13:28:32,60.2717,-151.3014,53.2,1.4,"6 km NE of Clam Gulch, Alaska",1739453312
2025,02,13,13:23:11,18.1193,-66.75,21,3.1,"5 km SSW of Adjuntas, Puerto Rico",1739452991
2025,02,13,13:17:35,61.6547,-148.1629,24,0.7,"22 km SE of Chickaloon, Alaska",1739452655
2025,02,13,13:13:23,60.7366,-152.1376,78.2,1.1,"46 km W of Nikiski, Alaska",1739452403
2025,02,13,13:10:55,31.652,-104.289,7.9,1.7,"58 km S of Whites City, New Mexico",1739452255
2025,02,13,13:03:18,37.646,-122.054,5.3,2.7,"2 km E of Hayward, CA",1739451798
2025,02,13,13:02:16,46.1235,-122.4978,16.3,1.3,"24 km N of Amboy, Washington",1739451736
2025,02,13,12:41:55,52.3612,-174.1448,0.8,0.4,"18 km NNE of Atka, Alaska",1739450515
2025,02,13,12:40:00,38.8307,-122.8045,1.1,0.8,"7 km WNW of Cobb, CA",1739450400
2025,02,13,12:33:10,38.7918,-122.7787,2.5,0.8,"3 km NW of The Geysers, CA",1739449990
2025,02,13,12:18:38,-20.5962,168.8718,10,4.9,"124 km SSW of Isangel, Vanuatu",1739449118
2025,02,13,12:17:54,63.7853,-147.9708,29.5,1.4,"46 km E of Denali Park, Alaska",1739449074
2025,02,13,12:16:36,61.8657,-150.9543,19.6,1.4,"27 km ESE of Skwentna, Alaska",1739448996
2025,02,13,12:06:41,34.4208,-119.0177,2,1.1,"8 km NNE of Santa Paula, CA",1739448401
2025,02,13,12:00:34,38.8323,-122.8115,2.2,0.7,"8 km WNW of Cobb, CA",1739448034
2025,02,13,11:57:52,38.8163,-122.7818,2,1.2,"5 km NNW of The Geysers, CA",1739447872
2025,02,13,11:54:05,41.5922,-112.4142,4.6,1.1,"15 km SW of Thatcher, Utah",1739447645
2025,02,13,11:49:55,57.9375,-155.0243,146.1,1.1,"53 km NW of Karluk, Alaska",1739447395
2025,02,13,11:49:37,35.3857,-118.6138,4.6,1.6,"25 km SSW of Bodfish, CA",1739447377
2025,02,13,11:46:42,38.8307,-122.814,2.3,0.4,"8 km NNW of The Geysers, CA",1739447202
2025,02,13,11:46:21,38.8315,-122.815,2.1,1.1,"8 km NNW of The Geysers, CA",1739447181
2025,02,13,11:44:39,38.8313,-122.8115,1.9,2.4,"8 km NNW of The Geysers, CA",1739447079
2025,02,13,11:43:22,33.5177,-116.5545,12.5,0.5,"12 km ESE of Anza, CA",1739447002
2025,02,13,11:20:12,33.5875,-116.8052,9.1,0.7,"13 km WNW of Anza, CA",1739445612
2025,02,13,11:16:10,-0.2201,29.7119,10,4.7,"57 km SW of Kilembe, Uganda",1739445370
2025,02,13,11:15:45,37.2451,-117.1155,6.1,1.3,"48 km NW of Beatty, Nevada",1739445345
2025,02,13,11:08:21,32.9562,-116.3055,10.4,0.9,"26 km NE of Pine Valley, CA",1739444901
2025,02,13,10:46:58,-24.8874,-70.9863,13.8,4.9,"76 km NW of Taltal, Chile",1739443618
2025,02,13,10:45:16,62.4126,-149.2611,5.4,1.8,"41 km NE of Susitna North, Alaska",1739443516
2025,02,13,10:43:20,62.2246,-149.2566,35.6,1.6,"31 km ENE of Susitna North, Alaska",1739443400
2025,02,13,10:41:06,36.0902,-117.866,2.1,1.3,"9 km NE of Coso Junction, CA",1739443266
2025,02,13,10:33:55,61.7761,-151.0878,63,1.7,"28 km SE of Skwentna, Alaska",1739442835
2025,02,13,10:33:13,36.91,-115.0406,6.7,1.3,"47 km WNW of Moapa Town, Nevada",1739442793
2025,02,13,10:05:15,61.3179,-152.2776,8.2,1.9,"67 km WNW of Beluga, Alaska",1739441115
2025,02,13,10:02:51,33.4892,-116.7632,8.8,0.9,"11 km ENE of Aguanga, CA",1739440971
2025,02,13,09:52:16,61.4555,-144.4004,42.9,1.3,"7 km SSE of Chitina, Alaska",1739440336
2025,02,13,09:51:29,40.3702,-125.0068,10,3.1,"61 km WNW of Petrolia, CA",1739440289
2025,02,13,09:39:51,61.9457,-149.5281,32.5,1.6,"27 km NW of Fishhook, Alaska",1739439591
2025,02,13,09:35:02,41.9926,-119.6425,2.1,1.5,"44 km ENE of Fort Bidwell, California",1739439302
2025,02,13,09:32:52,41.6898,-111.6253,10,1.2,"16 km E of Providence, Utah",1739439172
2025,02,13,09:29:27,39.0989,-119.0481,0.9,1.6,"16 km NE of Yerington, Nevada",1739438967
2025,02,13,09:27:35,33.8095,-117.6247,4.9,1,"8 km SW of Corona, CA",1739438855
2025,02,13,09:26:42,38.8358,-122.8023,2.5,1.1,"7 km WNW of Cobb, CA",1739438802
2025,02,13,09:09:15,37.6315,-122.4858,8.2,1.6,"2 km NNE of Pacifica, CA",1739437755
2025,02,13,09:08:55,32.403,-102.046,8.2,1.1,"33 km WSW of Ackerly, Texas",1739437735
2025,02,13,08:34:01,59.142,-153.2086,71.3,2.2,"77 km WSW of Nanwalek, Alaska",1739435641
2025,02,13,08:30:21,-32.1052,-71.8252,29.8,3.9,"67 km NW of La Ligua, Chile",1739435421
2025,02,13,08:29:23,47.7162,-116.1077,5,1.1,"19 km N of Kellogg, Idaho",1739435363
2025,02,13,08:20:28,36.596,-121.2543,5.1,0.7,"12 km NW of Pinnacles, CA",1739434828
2025,02,13,08:06:47,63.4806,-150.1065,128.2,2,"58 km W of Cantwell, Alaska",1739434007
2025,02,13,07:56:16,38.7777,-122.7162,1.7,1.1,"2 km WNW of Anderson Springs, CA",1739433376
2025,02,13,07:33:56,-16.8794,-173.5209,48.7,4.5,"106 km SSE of Hihifo, Tonga",1739432036
2025,02,13,07:33:05,56.9367,-157.5968,13.3,0.8,"65 km S of Ugashik, Alaska",1739431985
2025,02,13,07:23:27,32.9537,-116.2723,12.8,0.2,"25 km SSW of Ocotillo Wells, CA",1739431407
2025,02,13,07:22:53,38.797,-122.7385,1.6,1.3,"3 km NE of The Geysers, CA",1739431373
2025,02,13,07:22:48,32.9172,-115.4525,14.4,1.3,"10 km SE of Brawley, CA",1739431368
2025,02,13,07:21:26,48.1498,-116.3538,5.3,1.5,"11 km SSW of East Hope, Idaho",1739431286
2025,02,13,07:21:23,34.0462,-117.2292,13.7,0.9,"3 km E of Loma Linda, CA",1739431283
2025,02,13,07:11:43,38.8172,-122.8218,2.4,1.7,"7 km NW of The Geysers, CA",1739430703
2025,02,13,07:11:30,-28.9908,-71.3769,37.9,4.7,"75 km SW of Vallenar, Chile",1739430690
2025,02,13,07:10:59,38.836,-122.8077,2,1.4,"7 km WNW of Cobb, CA",1739430659
2025,02,13,07:08:56,38.8365,-122.8065,2,2,"7 km WNW of Cobb, CA",1739430536
2025,02,13,07:06:35,40.2788,-124.5712,7.2,3.3,"25 km W of Petrolia, CA",1739430395
2025,02,13,06:52:05,19.197,-66.5841,30,3.6,"81 km N of Arecibo, Puerto Rico",1739429525
2025,02,13,06:51:13,60.7519,-147.2043,26.1,1.4,"31 km WSW of Tatitlek, Alaska",1739429473
2025,02,13,06:50:47,35.6197,-117.482,6.6,0.9,"18 km E of Ridgecrest, CA",1739429447
2025,02,13,06:45:37,47.5457,-70.139,16.7,1.6,"12 km S of La Malbaie, Canada",1739429137
2025,02,13,06:44:41,47.5193,-70.1176,15.2,1.6,"15 km S of La Malbaie, Canada",1739429081
2025,02,13,06:38:08,53.957,-166.6105,9.8,0.1,"8 km NNW of Dutch Harbor, Alaska",1739428688
2025,02,13,06:27:15,38.8335,-122.8627,0.2,0.7,"11 km NW of The Geysers, CA",1739428035
2025,02,13,06:27:12,-8.573,118.3,135.9,4.6,"18 km WSW of Dompu, Indonesia",1739428032
2025,02,13,06:25:32,38.8142,-122.8282,2.3,0.6,"7 km NW of The Geysers, CA",1739427932
2025,02,13,06:18:21,48.1477,-116.3441,9.1,2.5,"11 km SSW of East Hope, Idaho",1739427501
2025,02,13,06:18:02,61.9484,-149.8925,33.1,1.2,"23 km NNE of Willow, Alaska",1739427482
2025,02,13,06:13:13,36.6509,-116.2724,7.3,0.5,"52 km ESE of Beatty, Nevada",1739427193
2025,02,13,06:11:59,35.104,-119.1247,10.5,1.7,"25 km NW of Grapevine, CA",1739427119
2025,02,13,06:05:09,48.1526,-116.3662,9.8,2.6,"11 km SSW of East Hope, Idaho",1739426709
2025,02,13,05:59:25,61.5927,-148.7114,35.9,2.3,"12 km ESE of Lazy Mountain, Alaska",1739426365
2025,02,13,05:49:50,41.9312,-119.589,0.9,3.1,"47 km E of Fort Bidwell, California",1739425790
2025,02,13,05:40:27,41.9459,-119.6213,1.2,3.2,"44 km ENE of Fort Bidwell, California",1739425227
2025,02,13,05:36:10,31.653,-104.287,7.6,1.6,"58 km S of Whites City, New Mexico",1739424970
2025,02,13,05:29:02,38.8337,-122.8165,2.3,0.5,"8 km NNW of The Geysers, CA",1739424542
2025,02,13,05:28:21,38.7883,-122.7682,-0.9,0.7,"2 km NNW of The Geysers, CA",1739424501
2025,02,13,05:18:54,34.3358,-116.8648,2.5,1.4,"8 km NNW of Big Bear City, CA",1739423934
2025,02,13,05:18:16,33.6765,-116.7458,13,0.4,"8 km SSW of Idyllwild, CA",1739423896
2025,02,13,05:11:18,37.321,-117.6477,1.6,0.7,"48 km S of Silver Peak, Nevada",1739423478
2025,02,13,05:06:25,55.2536,-143.2896,10,3.2,"Gulf of Alaska",1739423185
2025,02,13,05:05:41,38.8227,-122.7922,0.6,1.1,"6 km NNW of The Geysers, CA",1739423141
2025,02,13,05:03:36,44.4343,-115.1963,8.4,2.5,"31 km NW of Stanley, Idaho",1739423016
2025,02,13,04:50:40,62.1916,-149.8471,3.7,1.4,"3 km N of Susitna North, Alaska",1739422240
2025,02,13,04:49:41,37.3403,-117.678,4.2,1.5,"46 km S of Silver Peak, Nevada",1739422181
2025,02,13,04:49:23,38.7943,-122.7705,3.8,1.1,"2 km NNW of The Geysers, CA",1739422163
2025,02,13,04:42:25,31.96,-101.545,8.5,1.3,"12 km NNW of Garden City, Texas",1739421745
2025,02,13,04:39:36,57.167,-156.5075,81.3,2.2,"66 km SE of Ugashik, Alaska",1739421576
2025,02,13,04:39:10,19.345,-155.0613,0.9,1.9,"15 km SSE of Fern Forest, Hawaii",1739421550
2025,02,13,04:38:19,36.165,-118.0545,1.4,1.5,"14 km SSW of Olancha, CA",1739421499
2025,02,13,04:28:51,37.3513,-117.5909,8.5,1.8,"44 km S of Silver Peak, Nevada",1739420931
2025,02,13,04:28:21,37.7328,-117.7483,6.9,2,"10 km WSW of Silver Peak, Nevada",1739420901
2025,02,13,04:24:39,44.118,-114.771,3.6,1.9,"17 km SE of Stanley, Idaho",1739420679
2025,02,13,04:21:47,38.7905,-122.7447,2.1,1.2,"2 km NE of The Geysers, CA",1739420507
2025,02,13,04:18:48,38.8285,-122.8528,1.7,1.3,"10 km NW of The Geysers, CA",1739420328
2025,02,13,04:17:07,18.6007,-66.6122,13.7,2.7,"16 km NNW of Garrochales, Puerto Rico",1739420227
2025,02,13,04:17:03,38.5661,-118.2669,11.5,2.4,"23 km NW of Mina, Nevada",1739420223
2025,02,13,04:05:46,44.6253,-111.9195,0.9,0.5,"36 km NE of Spencer, Idaho",1739419546
2025,02,13,03:42:51,64.6079,-150.4529,2,1.4,"44 km S of Manley Hot Springs, Alaska",1739418171
2025,02,13,03:42:12,38.8157,-122.783,2,0.5,"5 km NNW of The Geysers, CA",1739418132
2025,02,13,03:40:28,64.6126,-150.4406,17.6,2.4,"44 km SSE of Manley Hot Springs, Alaska",1739418028
2025,02,13,03:28:04,37.6335,-122.49,7.9,1.3,"2 km N of Pacifica, CA",1739417284
2025,02,13,03:20:23,38.816,-122.7837,1.2,1,"5 km NNW of The Geysers, CA",1739416823
2025,02,13,03:19:59,38.8142,-122.7833,1.2,2.2,"5 km NNW of The Geysers, CA",1739416799
2025,02,13,03:14:16,61.3113,-152.2538,-2.2,0.3,"65 km WNW of Beluga, Alaska",1739416456
2025,02,13,03:06:29,33.6408,-116.6987,13.6,0.6,"10 km NNW of Anza, CA",1739415989
2025,02,13,03:06:12,33.6387,-116.705,14.5,0.8,"10 km NNW of Anza, CA",1739415972
2025,02,13,03:06:05,44.388,-114.6688,4.9,1.8,"25 km WNW of Clayton, Idaho",1739415965
2025,02,13,03:06:02,33.6392,-116.6995,13.4,0.2,"10 km NNW of Anza, CA",1739415962
2025,02,13,03:02:12,59.8675,-152.2271,84.1,1.7,"24 km WNW of Anchor Point, Alaska",1739415732
2025,02,13,02:53:39,38.824,-122.7897,0.7,0.3,"6 km WNW of Cobb, CA",1739415219
2025,02,13,02:40:54,64.4624,-146.7107,7.2,0.8,"11 km SE of Salcha, Alaska",1739414454
2025,02,13,02:40:43,38.8388,-122.7793,2.1,0.3,"5 km WNW of Cobb, CA",1739414443
2025,02,13,02:32:46,38.7912,-122.7592,2.2,0.6,"2 km N of The Geysers, CA",1739413966
2025,02,13,02:13:40,48.2258,-121.6707,11,1.3,"6 km WSW of Darrington, Washington",1739412820
2025,02,13,02:11:39,61.4143,-151.2263,60.8,1.9,"31 km NNW of Beluga, Alaska",1739412699
2025,02,13,02:04:01,37.2964,-117.6758,4.9,0.9,"51 km S of Silver Peak, Nevada",1739412241
2025,02,13,01:59:44,38.7677,-122.7303,2.2,0.7,"3 km SE of The Geysers, CA",1739411984
2025,02,13,01:51:29,38.819,-122.8418,2,1.1,"9 km NW of The Geysers, CA",1739411489
2025,02,13,01:38:08,68.79,-145.477,9.4,2.4,"74 km N of Arctic Village, Alaska",1739410688
2025,02,13,01:32:59,37.3111,-117.6569,3.3,2.1,"49 km S of Silver Peak, Nevada",1739410379
2025,02,13,01:27:15,38.8425,-122.7533,-0.1,0.7,"3 km NW of Cobb, CA",1739410035
2025,02,13,01:21:23,38.8395,-122.8068,2.1,0.7,"8 km WNW of Cobb, CA",1739409683
2025,02,13,01:20:32,60.3055,-152.518,102.8,2.4,"55 km WNW of Ninilchik, Alaska",1739409632
2025,02,13,01:12:43,48.8335,-122.3407,69.8,1.1,"9 km W of Deming, Washington",1739409163
2025,02,13,00:58:11,35.0447,-117.67,-0.8,1.9,"5 km NNW of Boron, CA",1739408291
2025,02,13,00:58:06,36.0083,-120.5687,3.9,0.4,"17 km NW of Parkfield, CA",1739408286
2025,02,13,00:56:13,53.9422,-166.5698,9.8,0.5,"6 km NNW of Dutch Harbor, Alaska",1739408173
2025,02,13,00:50:21,17.9,-66.8552,12.9,2.3,"9 km SSE of Maria Antonia, Puerto Rico",1739407821
2025,02,13,00:49:05,37.8938,-121.9903,9,1.1,"6 km NE of Alamo, CA",1739407745
2025,02,13,00:48:54,65.354,-168.4345,10.1,3.3,"32 km SSW of Wales, Alaska",1739407734
2025,02,13,00:48:14,65.4053,-168.6352,10.6,3,"33 km SW of Wales, Alaska",1739407694
2025,02,13,00:29:17,38.7913,-122.7792,2.6,0.8,"3 km NW of The Geysers, CA",1739406557
2025,02,13,00:25:24,64.9633,-147.4031,1.6,1,"10 km E of Fox, Alaska",1739406324
2025,02,13,00:23:40,38.817,-122.8193,2.5,0.4,"7 km NW of The Geysers, CA",1739406220
2025,02,13,00:19:58,33.7693,-116.1335,7.3,1.3,"9 km NE of Indio, CA",1739405998
2025,02,13,00:07:08,38.7912,-122.7497,2,1.6,"2 km NNE of The Geysers, CA",1739405228
2025,02,13,00:06:22,48.6002,-123.5443,-0.2,0.4,"9 km W of Saanichton, Canada",1739405182
2025,02,13,00:03:53,38.8213,-122.846,2.1,0.7,"9 km NW of The Geysers, CA",1739405033
2025,02,12,23:59:18,32.007,-103.805,7.1,2.7,"34 km SE of Malaga, New Mexico",1739404758
2025,02,12,23:58:30,61.9425,-150.4411,29.4,1.9,"30 km NW of Willow, Alaska",1739404710
2025,02,12,23:46:15,49.0797,-122.1167,-0.7,1.4,"10 km ENE of Abbotsford, Canada",1739403975
2025,02,12,23:45:54,61.1445,-152.2285,15.8,0.3,"59 km W of Tyonek, Alaska",1739403954
2025,02,12,23:43:35,36.1692,-120.7447,5.4,0.7,"22 km NE of San Ardo, CA",1739403815
2025,02,12,23:43:30,62.7895,-149.9799,74.9,1.9,"38 km N of Chase, Alaska",1739403810
2025,02,12,23:40:14,32.007,-103.811,6.7,1.6,"34 km SE of Malaga, New Mexico",1739403614
2025,02,12,23:39:55,38.8235,-122.8542,2.5,0.8,"10 km NW of The Geysers, CA",1739403595
2025,02,12,23:37:55,32.007,-103.805,6.9,2.8,"34 km SE of Malaga, New Mexico",1739403475
2025,02,12,23:35:24,64.9591,-151.0522,14.8,1.3,"20 km WSW of Manley Hot Springs, Alaska",1739403324
2025,02,12,23:15:37,38.8265,-122.8537,2.6,0.7,"10 km NW of The Geysers, CA",1739402137
2025,02,12,23:03:31,36.595,25.6504,9.8,4.3,"27 km NE of Firá, Greece",1739401411
2025,02,12,23:02:38,36.6469,25.662,10,4.3,"29 km SW of Amorgós, Greece",1739401358
2025,02,12,23:02:20,51.864,-177.9212,4.2,1,"88 km W of Adak, Alaska",1739401340
2025,02,12,23:00:54,32.096,-101.483,8.9,1.1,"11 km W of Forsan, Texas",1739401254
2025,02,12,23:00:04,47.8317,-121.9785,2,1.5,"2 km SSW of Monroe, Washington",1739401204
2025,02,12,22:50:07,39.1595,-119.0402,5.8,1.3,"22 km NNE of Yerington, Nevada",1739400607
2025,02,12,22:14:25,33.4887,-116.8898,11.8,0.8,"6 km NNW of Aguanga, CA",1739398465
2025,02,12,22:11:11,35.908,-117.6947,4.6,1.2,"19 km E of Little Lake, CA",1739398271
2025,02,12,22:10:36,17.5228,-83.2766,10,4.8,"218 km NNE of Barra Patuca, Honduras",1739398236
2025,02,12,22:10:27,38.8152,-122.824,2.1,1.3,"7 km NW of The Geysers, CA",1739398227
2025,02,12,22:03:51,35.909,-117.6952,4.5,1.4,"19 km E of Little Lake, CA",1739397831
2025,02,12,22:02:24,38.816,-122.7878,1,0.8,"5 km NNW of The Geysers, CA",1739397744
2025,02,12,22:01:13,61.2959,-146.7279,19.4,1.6,"27 km NW of Valdez, Alaska",1739397673
2025,02,12,22:00:23,38.8192,-122.8418,2,1.3,"9 km NW of The Geysers, CA",1739397623
2025,02,12,21:57:23,37.3852,-121.733,5.4,1.1,"9 km E of Alum Rock, CA",1739397443
2025,02,12,21:53:52,35.9708,-120.1247,16.9,1.6,"4 km S of Avenal, CA",1739397232
2025,02,12,21:52:21,61.6385,-150.0514,34.3,1.4,"12 km S of Willow, Alaska",1739397141
2025,02,12,21:43:19,61.6073,-146.3258,34.8,1.8,"48 km SSE of Nelchina, Alaska",1739396599
2025,02,12,21:36:35,36.6473,-120.8327,5.2,1,"29 km NNW of New Idria, CA",1739396195
2025,02,12,21:21:24,35.9612,-120.136,14.4,0.8,"5 km SSW of Avenal, CA",1739395284
2025,02,12,21:17:06,34.0377,-116.6427,10.2,1.7,"6 km W of Morongo Valley, CA",1739395026
2025,02,12,21:09:44,62.6497,-149.3765,34.6,1.9,"43 km ENE of Chase, Alaska",1739394584
2025,02,12,21:04:30,38.4055,142.1317,56.2,5,"59 km E of Onagawa Chō, Japan",1739394270
2025,02,12,21:03:11,35.9608,-120.1487,11,1.6,"5 km SSW of Avenal, CA",1739394191
2025,02,12,20:58:39,38.823,-122.7628,2.1,0.8,"3 km WNW of Cobb, CA",1739393919
2025,02,12,20:55:03,38.8375,-122.8103,2.2,0.5,"8 km WNW of Cobb, CA",1739393703
2025,02,12,20:54:02,35.8362,-117.6805,10.3,0.7,"23 km ESE of Little Lake, CA",1739393642
2025,02,12,20:34:56,37.0008,-119.8037,-0.5,1.7,"7 km E of Bonadelle Ranchos-Madera Ranchos, CA",1739392496
2025,02,12,20:18:29,38.768,-122.7648,-0.9,0.8,"1 km SW of The Geysers, CA",1739391509
2025,02,12,20:08:17,46.0037,-122.8635,-0.3,1.6,"1 km WSW of Kalama, Washington",1739390897
2025,02,12,20:07:15,36.4082,-98.1422,6.4,2.1,"4 km NE of Meno, Oklahoma",1739390835
2025,02,12,20:04:50,38.7967,-122.7648,3.5,0.3,"2 km  of The Geysers, CA",1739390690
2025,02,12,20:00:16,40.7452,-122.3088,-0.6,1.7,"9 km NE of Shasta Lake, CA",1739390416
2025,02,12,19:55:48,35.6923,-117.5462,7.6,0.8,"14 km NE of Ridgecrest, CA",1739390148
2025,02,12,19:54:09,-56.3101,-27.1954,108.1,5.3,"South Sandwich Islands region",1739390049
2025,02,12,19:51:00,35.6952,-117.5233,5.4,0.6,"13 km SW of Searles Valley, CA",1739389860
2025,02,12,19:49:00,35.1402,-97.5825,7.2,1.2,"4 km NNW of Cole, Oklahoma",1739389740
2025,02,12,19:48:27,61.3157,-152.2459,0.4,1.8,"65 km WNW of Beluga, Alaska",1739389707
2025,02,12,19:39:08,45.7653,-111.9903,14.7,0.3,"10 km SSW of Cardwell, Montana",1739389148
2025,02,12,19:38:41,61.3334,-152.2812,11,1.5,"67 km WNW of Beluga, Alaska",1739389121
2025,02,12,19:35:53,38.7748,-122.7397,1,0.9,"1 km ESE of The Geysers, CA",1739388953
2025,02,12,19:10:44,32.5542,-117.2247,14,1.2,"11 km WSW of Imperial Beach, CA",1739387444
2025,02,12,19:01:09,35.1053,-97.5797,6.3,2,"0 km WNW of Cole, Oklahoma",1739386869
2025,02,12,19:00:41,62.9932,-150.5435,101.2,2,"56 km NNE of Petersville, Alaska",1739386841
2025,02,12,18:57:39,32.9158,-116.9383,-0.2,1.2,"7 km NNW of Lakeside, CA",1739386659
2025,02,12,18:54:36,64.9905,-148.4082,5.2,1.7,"24 km NW of Ester, Alaska",1739386476
2025,02,12,18:50:48,32.004,-103.806,7.3,1.8,"35 km SE of Malaga, New Mexico",1739386248
2025,02,12,18:47:21,65.2548,-148.4379,12.4,1.2,"30 km S of Livengood, Alaska",1739386041
2025,02,12,18:46:02,58.857,-154.5886,122.2,1.9,"65 km S of Kokhanok, Alaska",1739385962
2025,02,12,18:43:10,37.3183,-117.6636,3.6,1.4,"48 km S of Silver Peak, Nevada",1739385790
2025,02,12,18:34:24,36.5393,25.5506,10,4.6,"16 km NE of Firá, Greece",1739385264
2025,02,12,18:17:11,38.8208,-122.8452,2,0.4,"9 km NW of The Geysers, CA",1739384231
2025,02,12,18:15:44,65.2694,-148.4471,13.2,1.4,"28 km S of Livengood, Alaska",1739384144
2025,02,12,18:07:13,33.1618,-117.0212,2.8,1.1,"6 km S of Valley Center, CA",1739383633
2025,02,12,17:59:32,45.0867,-111.7167,-2,0.9,"29 km S of Ennis, Montana",1739383172
2025,02,12,17:58:46,39.688,-123.13,3.2,1.6,"15 km SSE of Covelo, CA",1739383126
2025,02,12,17:43:26,-24.2227,-67.1919,227,4.3,"88 km W of San Antonio de los Cobres, Argentina",1739382206
2025,02,12,17:32:05,61.2144,-151.5622,71.6,1.3,"27 km WNW of Beluga, Alaska",1739381525
2025,02,12,17:29:45,60.3054,-148.6065,18.7,2.4,"41 km E of Primrose, Alaska",1739381385
2025,02,12,17:26:49,4.2393,-78.6323,10,4.8,"140 km W of Santa Genoveva de Docordó, Colombia",1739381209
2025,02,12,17:18:09,60.7483,-150.1489,33.7,1.6,"33 km SW of Hope, Alaska",1739380689
2025,02,12,17:13:54,37.3191,-117.6636,4.7,1.7,"48 km S of Silver Peak, Nevada",1739380434
2025,02,12,17:12:27,32.061,-103.729,8.3,1.8,"37 km ESE of Malaga, New Mexico",1739380347
2025,02,12,17:11:27,38.8255,-122.8803,2.9,0.3,"12 km NW of The Geysers, CA",1739380287
2025,02,12,17:03:03,38.829,-122.8773,2.3,2.2,"12 km NW of The Geysers, CA",1739379783
2025,02,12,17:00:54,37.3131,-117.6717,4.8,1.5,"49 km S of Silver Peak, Nevada",1739379654
2025,02,12,16:52:49,61.3223,-152.2613,-2.2,0.1,"66 km WNW of Beluga, Alaska",1739379169
2025,02,12,16:44:25,36.6216,25.6457,10,4.3,"29 km NE of Firá, Greece",1739378665
2025,02,12,16:40:04,37.3186,-117.6535,1.3,0.8,"48 km S of Silver Peak, Nevada",1739378404
2025,02,12,16:38:57,37.3186,-117.6622,4.9,1.8,"48 km S of Silver Peak, Nevada",1739378337
2025,02,12,16:36:44,38.8065,-122.7953,3.1,1.5,"5 km NW of The Geysers, CA",1739378204
2025,02,12,16:35:18,38.8363,-122.8035,1.8,1,"7 km WNW of Cobb, CA",1739378118
2025,02,12,16:31:23,38.8192,-122.8007,3,0.8,"6 km NNW of The Geysers, CA",1739377883
2025,02,12,16:25:20,47.7052,-122.6795,22.1,0.7,"3 km SE of Bangor Trident Base, Washington",1739377520
2025,02,12,16:23:22,37.3216,-117.6583,2.4,1.3,"48 km S of Silver Peak, Nevada",1739377402
2025,02,12,16:18:37,37.3195,-117.6623,6,1.6,"48 km S of Silver Peak, Nevada",1739377117
2025,02,12,16:07:27,38.8252,-122.7853,1.2,1.1,"5 km WNW of Cobb, CA",1739376447
2025,02,12,15:59:54,44.4615,148.8704,27.8,4.2,"115 km SE of Kuril’sk, Russia",1739375994
2025,02,12,15:44:42,64.9668,-147.1455,16.4,1.3,"11 km NNW of Two Rivers, Alaska",1739375082
2025,02,12,15:44:05,35.134,-97.5882,7.7,0.9,"3 km NNW of Cole, Oklahoma",1739375045
2025,02,12,15:21:59,33.284,-116.8408,13.9,0.9,"8 km SSE of Palomar Observatory, CA",1739373719
2025,02,12,15:17:46,32.173,-102.166,6.2,1.4,"21 km NNW of Midland, Texas",1739373466
2025,02,12,15:15:38,34.1702,-117.2655,7.8,2.4,"5 km NNE of San Bernardino, CA",1739373338
2025,02,12,15:02:00,64.4741,-149.3813,13.1,1.2,"16 km SW of Nenana, Alaska",1739372520
2025,02,12,14:56:07,68.601,-147.3749,5.4,1.8,"92 km NW of Arctic Village, Alaska",1739372167
2025,02,12,14:54:04,37.089,-120.8735,5.6,1.7,"4 km NNW of Los Banos, CA",1739372044
2025,02,12,14:43:47,47.4623,-115.7823,0,1.1,"1 km ESE of Mullan, Idaho",1739371427
2025,02,12,14:37:39,39.2126,141.7343,80.7,4.8,"13 km WSW of Kamaishi, Japan",1739371059
2025,02,12,14:31:42,35.1517,-97.5762,6.6,1.7,"5 km N of Cole, Oklahoma",1739370702
2025,02,12,14:31:25,64.4312,-148.5428,18.9,1.3,"30 km ESE of Nenana, Alaska",1739370685
2025,02,12,14:24:26,38.794,-122.767,3.7,1.1,"2 km NNW of The Geysers, CA",1739370266
2025,02,12,14:23:04,38.786,-122.7675,4,0.1,"1 km NNW of The Geysers, CA",1739370184
2025,02,12,13:52:20,61.3108,-152.2507,0.3,0.5,"65 km WNW of Beluga, Alaska",1739368340
2025,02,12,13:51:03,36.6546,-116.2732,7.4,0.1,"51 km ESE of Beatty, Nevada",1739368263
2025,02,12,13:46:47,38.6543,-122.755,6.2,1.1,"11 km ENE of Healdsburg, CA",1739368007
2025,02,12,13:36:02,31.637,-104.213,1.9,1.6,"53 km NW of Toyah, Texas",1739367362
2025,02,12,13:24:41,38.8242,-122.7858,0.7,1.1,"5 km WNW of Cobb, CA",1739366681
2025,02,12,13:16:11,38.8362,-122.7895,1.8,0.8,"6 km WNW of Cobb, CA",1739366171
2025,02,12,13:14:38,63.1131,-151.4029,3.1,1.2,"50 km SSE of Denali National Park, Alaska",1739366078
2025,02,12,13:10:06,32.6378,-115.9013,5.8,1.5,"14 km SE of Ocotillo, CA",1739365806
2025,02,12,13:07:25,32.392,-101.611,8.1,1.5,"17 km SSE of Ackerly, Texas",1739365645
2025,02,12,13:06:49,65.4478,-148.2347,1.5,1.5,"16 km ESE of Livengood, Alaska",1739365609
2025,02,12,12:50:04,31.911,-102.454,8.5,1.5,"8 km NNE of West Odessa, Texas",1739364604
2025,02,12,12:43:05,-26.3007,178.5786,631.6,4.6,"south of the Fiji Islands",1739364185
2025,02,12,12:42:48,46.3948,-122.3208,11.2,0.7,"18 km S of Morton, Washington",1739364168
2025,02,12,12:31:29,63.2157,-151.566,18.4,2.8,"37 km SSE of Denali National Park, Alaska",1739363489
2025,02,12,12:14:07,60.3998,-150.1775,34.2,1.9,"21 km WSW of Cooper Landing, Alaska",1739362447
2025,02,12,12:05:45,34.0553,-117.2597,15.7,1.1,"1 km N of Loma Linda, CA",1739361945
2025,02,12,11:56:53,-38.6414,-91.6177,10,4.6,"West Chile Rise",1739361413
2025,02,12,11:54:09,38.8403,-122.8232,2.5,0.8,"9 km WNW of Cobb, CA",1739361249
2025,02,12,11:34:59,35.1473,-97.573,6.8,1.3,"4 km N of Cole, Oklahoma",1739360099
2025,02,12,11:31:28,38.8345,-122.8023,1.4,1,"7 km WNW of Cobb, CA",1739359888
2025,02,12,11:31:00,18.8018,-65.4752,19,2.9,"53 km NNE of Luquillo, Puerto Rico",1739359860
2025,02,12,11:30:02,33.8288,-116.7713,16.1,1,"10 km S of Cabazon, CA",1739359802
2025,02,12,11:26:23,38.8373,-122.7848,1.4,0.8,"6 km WNW of Cobb, CA",1739359583
2025,02,12,11:22:23,38.8123,-122.8247,2.1,0.3,"7 km NW of The Geysers, CA",1739359343
2025,02,12,11:20:45,35.8045,-118.0503,8.3,0.7,"20 km SW of Little Lake, CA",1739359245
2025,02,12,11:17:37,35.1305,-97.5555,1.5,0.7,"3 km NNE of Cole, Oklahoma",1739359057
2025,02,12,11:16:54,38.8395,-122.8245,2.7,0.9,"9 km WNW of Cobb, CA",1739359014
2025,02,12,11:11:38,38.8397,-122.8272,2.9,0.8,"9 km WNW of Cobb, CA",1739358698
2025,02,12,11:08:42,51.8582,-177.847,2.4,0.3,"83 km W of Adak, Alaska",1739358522
2025,02,12,11:06:44,59.9047,-151.6108,56,1.8,"8 km SE of Happy Valley, Alaska",1739358404
2025,02,12,11:06:11,39.4033,-111.9212,-1.5,1.6,"17 km SSW of Levan, Utah",1739358371
2025,02,12,11:03:08,32.004,-103.8,7.8,1.9,"35 km SE of Malaga, New Mexico",1739358188
2025,02,12,10:53:32,38.84,-122.784,0.5,0.7,"6 km WNW of Cobb, CA",1739357612
2025,02,12,10:52:21,35.8022,-118.0495,8.8,1.7,"20 km SW of Little Lake, CA",1739357541
2025,02,12,10:49:54,55.3367,-159.7494,35,3.8,"47 km E of Sand Point, Alaska",1739357394
2025,02,12,10:47:56,40.262,-124.4005,18.9,2.4,"12 km WSW of Petrolia, CA",1739357276
2025,02,12,10:45:45,38.8233,-122.8538,2.1,1.1,"10 km NW of The Geysers, CA",1739357145
2025,02,12,10:44:25,64.4792,-146.8838,5,1.2,"5 km S of Salcha, Alaska",1739357065
2025,02,12,10:37:39,61.9755,-143.9614,0.1,1.4,"57 km NNE of Chitina, Alaska",1739356659
2025,02,12,10:20:08,38.7588,-122.718,1.4,0.4,"3 km WSW of Anderson Springs, CA",1739355608
2025,02,12,10:18:16,61.2554,-150.7849,53.2,1.6,"20 km NE of Beluga, Alaska",1739355496
2025,02,12,10:13:57,-3.8425,103.3534,132.6,4.7,"21 km WSW of Lahat, Indonesia",1739355237
2025,02,12,10:11:54,36.2075,-118.0218,2.8,1.6,"8 km S of Olancha, CA",1739355114
2025,02,12,10:07:37,37.1818,-114.578,2.8,1.3,"48 km S of Caliente, Nevada",1739354857
2025,02,12,10:06:20,44.7612,-114.8697,4.6,1.3,"54 km ESE of Yellow Pine, Idaho",1739354780
2025,02,12,10:02:37,36.6947,-97.6903,7.3,1.5,"9 km ESE of Jefferson, Oklahoma",1739354557
2025,02,12,09:57:58,32.394,-101.607,5.3,1.8,"17 km SE of Ackerly, Texas",1739354278
2025,02,12,09:44:26,38.8358,-122.783,1.7,0.4,"5 km WNW of Cobb, CA",1739353466
2025,02,12,09:42:22,8.8458,39.8752,10,4.4,"7 km SW of Metahāra, Ethiopia",1739353342
2025,02,12,09:27:26,47.7607,-123.7365,4.5,0.8,"35 km NNE of Amanda Park, Washington",1739352446
2025,02,12,09:24:59,39.0612,-118.9801,7.7,1.3,"17 km ENE of Yerington, Nevada",1739352299
2025,02,12,09:22:50,40.398,-125.0433,10,2.9,"65 km WNW of Petrolia, CA",1739352170
2025,02,12,09:20:42,36.5115,25.5739,10,4.7,"16 km NE of Firá, Greece",1739352042
2025,02,12,09:18:14,31.712,-101.685,6.4,1.4,"25 km SW of Garden City, Texas",1739351894
2025,02,12,09:15:07,36.5553,25.6185,10,4.8,"22 km NE of Firá, Greece",1739351707
2025,02,12,09:08:08,32.9972,-116.4775,5.1,1.6,"15 km SE of Julian, CA",1739351288
2025,02,12,09:06:09,61.3717,-151.0084,52,2.3,"26 km N of Beluga, Alaska",1739351169
2025,02,12,08:58:44,36.5021,25.5284,10,4.3,"12 km NE of Firá, Greece",1739350724
2025,02,12,08:56:00,36.5261,25.5091,10,4.2,"13 km NNE of Firá, Greece",1739350560
2025,02,12,08:54:37,61.0031,-149.0761,19.9,1.8,"8 km NE of Girdwood, Alaska",1739350477
2025,02,12,08:52:51,33.7988,-117.655,4,1.8,"11 km SW of Corona, CA",1739350371
2025,02,12,08:36:31,31.588,-103.906,7.8,1.8,"31 km WSW of Mentone, Texas",1739349391
2025,02,12,08:29:51,36.5888,25.5632,10,5,"21 km NE of Oía, Greece",1739348991
2025,02,12,08:29:33,38.8218,-122.7637,2.3,1,"4 km W of Cobb, CA",1739348973
2025,02,12,08:23:36,38.7917,-122.78,2.6,0.4,"3 km NW of The Geysers, CA",1739348616
2025,02,12,08:18:11,31.76,-104.221,6.7,1.5,"48 km SSE of Whites City, New Mexico",1739348291
2025,02,12,08:11:30,63.289,-145.07,14.5,1.4,"35 km NE of Paxson, Alaska",1739347890
2025,02,12,08:10:58,38.7672,-122.7385,2.8,0.8,"2 km SE of The Geysers, CA",1739347858
2025,02,12,08:09:36,37.5978,-121.7112,6.5,0.8,"11 km SSE of Livermore, CA",1739347776
2025,02,12,08:09:23,65.0793,-148.7003,9.4,1.2,"31 km ESE of Minto, Alaska",1739347763
2025,02,12,08:01:49,31.645,-104.121,0.6,1.9,"48 km NW of Toyah, Texas",1739347309
2025,02,12,07:50:46,31.277,-103.339,1,1.7,"21 km SSE of Barstow, Texas",1739346646
2025,02,12,07:46:04,32.6622,-116.3028,14.9,1.2,"17 km ENE of Campo, CA",1739346364
2025,02,12,07:45:06,65.4498,-148.2756,13.3,1.1,"14 km SE of Livengood, Alaska",1739346306
2025,02,12,07:43:34,38.8313,-122.827,6,0.2,"9 km NW of The Geysers, CA",1739346214
2025,02,12,07:39:41,38.7618,-122.7332,1.5,1.1,"3 km SE of The Geysers, CA",1739345981
2025,02,12,07:38:49,65.4478,-148.2357,12.7,1.4,"16 km ESE of Livengood, Alaska",1739345929
2025,02,12,07:33:05,45.6568,-111.6595,7.6,0.4,"11 km ESE of Harrison, Montana",1739345585
2025,02,12,07:21:35,31.302,-103.37,4.9,2.1,"17 km ESE of Lindsay, Texas",1739344895
2025,02,12,07:01:46,40.3455,-124.6733,22.3,2.7,"33 km WNW of Petrolia, CA",1739343706
2025,02,12,07:01:04,38.8228,-122.8432,2.1,0.2,"9 km NW of The Geysers, CA",1739343664
2025,02,12,06:53:35,1.7275,127.3024,39.1,4.9,"78 km W of Tobelo, Indonesia",1739343215
2025,02,12,06:34:55,31.291,-103.337,0.5,1.2,"19 km SSE of Barstow, Texas",1739342095
2025,02,12,06:27:09,31.273,-103.335,1,1.8,"21 km SSE of Barstow, Texas",1739341629
2025,02,12,06:22:57,38.1465,-117.9796,10.2,1.4,"29 km SSE of Mina, Nevada",1739341377
2025,02,12,06:22:29,61.3193,-150.7764,14,1.6,"25 km NE of Beluga, Alaska",1739341349
2025,02,12,06:18:44,35.6902,-117.4892,7.5,1.7,"12 km SW of Searles Valley, CA",1739341124
2025,02,12,06:15:44,57.0662,-135.7075,8.4,0.2,"22 km W of Sitka, Alaska",1739340944
2025,02,12,06:12:16,36.6538,-116.2731,7.8,0.2,"51 km ESE of Beatty, Nevada",1739340736
2025,02,12,06:09:26,38.8042,-122.7272,3.2,0.8,"2 km SSW of Cobb, CA",1739340566
2025,02,12,05:42:09,58.1743,-155.3447,1.3,0.3,"85 km NW of Karluk, Alaska",1739338929
2025,02,12,05:42:03,33.4728,-116.5782,10.3,0.9,"13 km SE of Anza, CA",1739338923
2025,02,12,05:25:17,39.425,-111.9322,8.2,0.8,"16 km SSW of Levan, Utah",1739337917
2025,02,12,05:23:57,38.8415,-122.8757,2.3,1.2,"13 km NW of The Geysers, CA",1739337837
2025,02,12,05:18:18,35.716,-117.5592,6.6,1.3,"15 km NE of Ridgecrest, CA",1739337498
2025,02,12,05:10:52,40.1417,-123.8997,20.9,1.5,"7 km WNW of Redway, CA",1739337052
2025,02,12,04:56:39,33.8252,-116.7553,14.5,1,"10 km NNW of Idyllwild, CA",1739336199
2025,02,12,04:51:11,36.2075,-118.0215,2.8,1.7,"8 km S of Olancha, CA",1739335871
2025,02,12,04:48:48,38.8227,-122.8435,2.1,0.5,"9 km NW of The Geysers, CA",1739335728
2025,02,12,04:45:40,38.7867,-122.7672,2.2,0.3,"1 km NNW of The Geysers, CA",1739335540
2025,02,12,04:44:58,63.2979,-151.2485,5.9,1.6,"36 km SE of Denali National Park, Alaska",1739335498
2025,02,12,04:32:40,40.372,-125.0955,10,4.5,"69 km WNW of Petrolia, CA",1739334760
2025,02,12,04:28:00,64.4767,-146.9123,9.6,1.3,"5 km S of Salcha, Alaska",1739334480
2025,02,12,04:25:18,60.5214,-151.1933,67.3,1.5,"5 km SE of Kenai, Alaska",1739334318
2025,02,12,04:21:02,36.5633,25.6666,10,4.4,"26 km NE of Firá, Greece",1739334062
2025,02,12,04:20:46,38.8158,-122.7955,2.6,0.7,"5 km NNW of The Geysers, CA",1739334046
2025,02,12,04:16:51,53.8512,-166.7773,8.1,0.6,"16 km WSW of Dutch Harbor, Alaska",1739333811
2025,02,12,04:12:05,38.7915,-122.762,1.4,0.1,"2 km  of The Geysers, CA",1739333525
2025,02,12,04:09:30,31.624,-104.502,7.2,1.9,"62 km S of Whites City, New Mexico",1739333370
2025,02,12,04:06:43,38.7683,-122.6323,5.9,0.6,"2 km NNW of Middletown, CA",1739333203
2025,02,12,04:02:22,45.7407,-112.1425,2.5,0.4,"14 km SSW of Whitehall, Montana",1739332942
2025,02,12,03:59:32,60.254,-152.8488,117.4,3.1,"69 km WNW of Ninilchik, Alaska",1739332772
2025,02,12,03:48:25,58.2822,-156.0074,14.9,1.4,"59 km SE of King Salmon, Alaska",1739332105
2025,02,12,03:42:39,38.7952,-122.7665,3.8,1.1,"2 km NNW of The Geysers, CA",1739331759
2025,02,12,03:35:01,46.8513,-121.7588,1.9,0.3,"23 km ENE of Ashford, Washington",1739331301
2025,02,12,03:28:57,38.772,-122.7365,0.8,1.6,"2 km ESE of The Geysers, CA",1739330937
2025,02,12,03:28:37,38.7688,-122.732,0.9,0.3,"2 km SE of The Geysers, CA",1739330917
2025,02,12,03:20:48,32.39,-101.609,7.9,1.8,"18 km SSE of Ackerly, Texas",1739330448
2025,02,12,03:18:17,32.4,-101.596,6.3,1.4,"18 km SE of Ackerly, Texas",1739330297
2025,02,12,03:14:19,-17.8694,-178.3372,612.5,4.8,"249 km E of Levuka, Fiji",1739330059
2025,02,12,03:12:09,40.1265,-121.1133,3,2.9,"6 km SW of Canyondam, CA",1739329929
2025,02,12,03:10:26,-17.9106,-178.3485,588.8,4.5,"247 km E of Levuka, Fiji",1739329826
2025,02,12,03:03:19,40.8137,-110.8682,5.8,1.4,"36 km NE of Samak, Utah",1739329399
2025,02,12,02:59:46,36.6472,-116.2712,6.8,0.1,"52 km SE of Beatty, Nevada",1739329186
2025,02,12,02:58:36,37.5092,-121.913,-0.1,1.1,"7 km SE of Fremont, CA",1739329116
2025,02,12,02:45:16,38.8203,-122.8218,2,0.8,"7 km NW of The Geysers, CA",1739328316
2025,02,12,02:44:18,38.8353,-122.785,1.9,0.9,"6 km WNW of Cobb, CA",1739328258
2025,02,12,02:43:23,52.0898,-176.1273,1.3,0.9,"42 km NE of Adak, Alaska",1739328203
2025,02,12,02:38:35,36.6487,-116.2727,6.8,0.1,"52 km ESE of Beatty, Nevada",1739327915
2025,02,12,02:34:39,59.9379,-152.6792,88.5,1.7,"50 km WNW of Anchor Point, Alaska",1739327679
2025,02,12,02:29:33,38.8375,-122.7858,2.4,0.4,"6 km WNW of Cobb, CA",1739327373
2025,02,12,02:28:17,35.134,-97.5795,8.3,1.5,"3 km N of Cole, Oklahoma",1739327297
2025,02,12,02:23:11,36.4898,25.672,10,4.3,"22 km ENE of Mesariá, Greece",1739326991
2025,02,12,02:20:53,41.5982,-112.427,6.3,1.2,"15 km SW of Thatcher, Utah",1739326853
2025,02,12,02:14:20,36.5537,25.6297,10,4.5,"23 km NE of Firá, Greece",1739326460
2025,02,12,02:06:56,36.4722,25.6224,10,4.1,"17 km ENE of Mesariá, Greece",1739326016
2025,02,12,02:04:44,36.6572,-116.2663,6,0.7,"52 km ESE of Beatty, Nevada",1739325884
2025,02,12,01:55:39,53.8828,-166.9518,21.1,0.3,"26 km W of Dutch Harbor, Alaska",1739325339
2025,02,12,01:54:13,63.3212,-145.1418,6.8,2.1,"35 km NE of Paxson, Alaska",1739325253
2025,02,12,01:51:36,53.9027,-166.9742,16.4,0.5,"28 km W of Dutch Harbor, Alaska",1739325096
2025,02,12,01:50:37,33.4803,-116.5735,8.1,0.9,"12 km SE of Anza, CA",1739325037
2025,02,12,01:48:38,60.0323,-152.6737,96.5,2,"53 km W of Happy Valley, Alaska",1739324918
2025,02,12,01:43:48,63.3355,-150.7145,5.8,1.4,"55 km ESE of Denali National Park, Alaska",1739324628
2025,02,12,01:40:05,44.762,-111.4588,13.7,0.2,"21 km W of Hebgen Lake Estates, Montana",1739324405
2025,02,12,01:35:07,36.4973,25.6316,10,4.3,"19 km ENE of Mesariá, Greece",1739324107
2025,02,12,01:26:25,30.0089,138.9703,399.1,4.7,"Izu Islands, Japan region",1739323585
2025,02,12,01:22:23,63.2752,-150.5276,126.5,2.3,"66 km ESE of Denali National Park, Alaska",1739323343
2025,02,12,01:20:15,34.003,-116.7025,16.5,1.2,"12 km WSW of Morongo Valley, CA",1739323215
2025,02,12,01:14:54,36.5596,25.5495,10,5.1,"18 km NE of Firá, Greece",1739322894
2025,02,12,01:12:40,36.6382,25.6917,10,4.2,"28 km SW of Amorgós, Greece",1739322760
2025,02,12,01:11:24,54.0838,-166.0175,9.4,0.3,"16 km WSW of Akutan, Alaska",1739322684
2025,02,12,01:01:48,38.7867,-122.7688,2,1.7,"1 km NW of The Geysers, CA",1739322108
2025,02,12,01:00:18,38.7967,-122.7665,0.3,0.6,"2 km  of The Geysers, CA",1739322018
2025,02,12,00:58:47,-2.7726,-76.1754,10,4,"82 km NNE of Alianza Cristiana, Peru",1739321927
2025,02,12,00:35:51,38.8575,-122.7683,1.5,1.1,"6 km NNW of Cobb, CA",1739320551
2025,02,12,00:31:57,32.352,-102.085,4.3,1.1,"37 km NW of Stanton, Texas",1739320317
2025,02,12,00:30:56,32.349,-102.076,5.5,1.6,"36 km NW of Stanton, Texas",1739320256
2025,02,12,00:27:08,31.715,-104.26,7.3,0.5,"52 km SSE of Whites City, New Mexico",1739320028
2025,02,12,00:26:02,44.124,18.2965,10,2.3,"5 km SSW of Vareš, Bosnia and Herzegovina",1739319962
2025,02,12,00:24:17,62.2299,-148.9964,22.4,1.7,"45 km E of Susitna North, Alaska",1739319857
2025,02,12,00:14:31,38.8233,-122.8052,1.2,1.1,"7 km NNW of The Geysers, CA",1739319271
2025,02,12,00:12:44,58.1865,-156.3741,4.9,2.4,"58 km SSE of King Salmon, Alaska",1739319164
2025,02,12,00:03:52,34.0315,-117.1575,8.8,1,"4 km SE of Redlands, CA",1739318632
2025,02,12,00:02:31,46.935,-121.9615,12.8,0.4,"17 km SSE of Carbonado, Washington",1739318551
2025,02,11,23:59:34,38.7723,-122.7008,1.7,1.5,"1 km W of Anderson Springs, CA",1739318374
2025,02,11,23:58:35,31.109,-103.726,7.2,1.6,"13 km N of Balmorhea, Texas",1739318315
2025,02,11,23:53:56,38.6739,-97.603,9.9,2.6,"0 km S of Assaria, Kansas",1739318036
2025,02,11,23:46:18,61.456,-146.5587,19.7,1.8,"37 km NNW of Valdez, Alaska",1739317578
2025,02,11,23:32:19,60.46,-142.7479,1.2,2.1,"108 km S of McCarthy, Alaska",1739316739
2025,02,11,23:25:54,38.8462,-122.878,3.1,0.3,"13 km E of Cloverdale, CA",1739316354
2025,02,11,23:19:57,37.9588,-113.3655,-0,1.9,"36 km NNE of Newcastle, Utah",1739315997
2025,02,11,23:18:15,18.5379,121.0709,39.6,4.6,"7 km S of Claveria, Philippines",1739315895
2025,02,11,23:09:08,64.9011,-148.7062,23.9,2.4,"33 km W of Ester, Alaska",1739315348
2025,02,11,23:07:01,38.8202,-122.8065,3.1,0.8,"6 km NNW of The Geysers, CA",1739315221
2025,02,11,22:42:21,34.1657,-117.2692,5.7,1,"5 km NNE of San Bernardino, CA",1739313741
2025,02,11,22:39:58,40.2165,-121.1678,1.2,2.3,"1 km ESE of Almanor, CA",1739313598
2025,02,11,22:30:45,32.7743,-116.8975,-0.3,1.3,"5 km NE of Rancho San Diego, CA",1739313045
2025,02,11,22:25:48,49.2863,-120.5223,-0.8,1.9,"19 km S of Princeton, Canada",1739312748
2025,02,11,22:17:48,63.3024,-151.2588,3.4,2,"35 km SE of Denali National Park, Alaska",1739312268
2025,02,11,22:10:36,40.174,-122.1572,28.6,2.4,"7 km ESE of Red Bluff, CA",1739311836
2025,02,11,22:09:35,36.1687,-118.0567,2.3,2.6,"13 km SSW of Olancha, CA",1739311775
2025,02,11,22:03:12,40.171,-122.16,29,2.6,"6 km ESE of Red Bluff, CA",1739311392
2025,02,11,21:53:17,38.8238,-122.763,2,1.3,"3 km WNW of Cobb, CA",1739310797
2025,02,11,21:51:04,36.1908,-91.4143,3.4,2.2,"8 km SW of Williford, Arkansas",1739310664
2025,02,11,21:28:55,38.8238,-122.7625,2,1.2,"3 km WNW of Cobb, CA",1739309335
2025,02,11,21:23:21,38.808,-122.7705,2.3,1,"4 km  of The Geysers, CA",1739309001
2025,02,11,21:07:02,36.8898,-121.613,1.2,1.6,"3 km E of Aromas, CA",1739308022
2025,02,11,20:53:25,36.696,25.6905,10,4.2,"23 km SW of Amorgós, Greece",1739307205
2025,02,11,20:50:25,41.5915,-112.4112,3,1.3,"14 km SW of Thatcher, Utah",1739307025
2025,02,11,20:42:12,38.8348,-122.8192,1.8,0.7,"8 km NNW of The Geysers, CA",1739306532
2025,02,11,20:41:09,36.2716,139.7017,70.5,4.5,"5 km ENE of Fujioka, Japan",1739306469
2025,02,11,20:36:20,41.5947,-112.4117,7.5,1.7,"14 km SW of Thatcher, Utah",1739306180
2025,02,11,20:27:56,38.7973,-122.7643,0.8,1.1,"2 km  of The Geysers, CA",1739305676
2025,02,11,20:01:33,38.8352,-122.8023,2.2,0.5,"7 km WNW of Cobb, CA",1739304093
2025,02,11,20:00:10,62.6662,-151.1087,92.7,1.9,"25 km NW of Petersville, Alaska",1739304010
2025,02,11,19:40:30,34.0345,-117.155,10.7,1.1,"4 km SE of Redlands, CA",1739302830
2025,02,11,19:33:25,46.279,-121.9042,3.8,0.5,"40 km SSW of Packwood, Washington",1739302405
2025,02,11,19:29:44,34.1632,-117.2632,5.8,1.4,"5 km NE of San Bernardino, CA",1739302184
2025,02,11,19:23:47,63.3141,-151.3003,10.8,1.7,"32 km SE of Denali National Park, Alaska",1739301827
2025,02,11,19:13:40,40.3242,-124.9392,9.9,2.6,"55 km WNW of Petrolia, CA",1739301220
2025,02,11,18:55:30,40.2948,-124.8483,14.3,2.3,"48 km W of Petrolia, CA",1739300130
2025,02,11,18:51:09,46.042,-119.3542,-0.5,1.4,"13 km N of Umatilla, Oregon",1739299869
2025,02,11,18:47:59,34.1665,-117.264,7.4,1.6,"5 km NNE of San Bernardino, CA",1739299679
2025,02,11,18:16:32,38.8173,-122.7655,2.2,0.4,"4 km W of Cobb, CA",1739297792
2025,02,11,18:06:39,46.8135,-121.92,9,1,"10 km NE of Ashford, Washington",1739297199
2025,02,11,18:00:12,31.607,-104.09,7.7,1.8,"42 km NW of Toyah, Texas",1739296812
2025,02,11,17:59:31,34.1682,-117.2682,8.5,1.3,"5 km NNE of San Bernardino, CA",1739296771
2025,02,11,17:56:06,63.1417,-144.444,3.5,1.9,"42 km NW of Mentasta Lake, Alaska",1739296566
2025,02,11,17:43:37,31.837,-102.389,3.9,1.8,"2 km WSW of Odessa, Texas",1739295817
2025,02,11,17:43:01,44.333,15.5116,10,4.6,"7 km NE of Starigrad, Croatia",1739295781
2025,02,11,17:40:19,36.6242,25.7895,10,4.5,"24 km SSW of Amorgós, Greece",1739295619
2025,02,11,17:37:09,38.85,-122.7772,0.8,0.7,"6 km NW of Cobb, CA",1739295429
2025,02,11,17:31:47,38.8162,-122.8217,2.5,0.3,"7 km NW of The Geysers, CA",1739295107
2025,02,11,17:29:07,31.619,-104.5,7,1.7,"62 km S of Whites City, New Mexico",1739294947
2025,02,11,17:12:41,38.815,-122.7642,2.1,0.9,"4 km W of Cobb, CA",1739293961
2025,02,11,17:10:44,32.004,-103.802,7.4,2.4,"35 km SE of Malaga, New Mexico",1739293844
2025,02,11,17:10:27,34.2116,89.194,10,4.4,"Xizang-Qinghai border region",1739293827
2025,02,11,16:51:18,38.7943,-122.7795,3,0.8,"3 km NW of The Geysers, CA",1739292678
2025,02,11,16:50:53,33.5862,-116.8022,8.7,0.6,"12 km WNW of Anza, CA",1739292653
2025,02,11,16:49:08,31.78,-101.996,8.4,1.4,"25 km SSE of Midland, Texas",1739292548
2025,02,11,16:42:01,33.4773,-116.8845,10.9,0.2,"4 km NNW of Aguanga, CA",1739292121
2025,02,11,16:41:56,61.6315,-148.0241,4,1.7,"27 km SW of Glacier View, Alaska",1739292116
2025,02,11,16:41:48,57.0708,-135.696,8.4,0.4,"22 km W of Sitka, Alaska",1739292108
2025,02,11,16:32:28,38.8417,-122.8113,2.4,0.3,"8 km WNW of Cobb, CA",1739291548
2025,02,11,16:28:09,38.8237,-122.7618,2,0.5,"3 km WNW of Cobb, CA",1739291289
2025,02,11,16:28:01,63.3157,-145.1142,6.5,2.4,"35 km NE of Paxson, Alaska",1739291281
2025,02,11,16:27:17,38.8235,-122.7617,1.9,1.3,"3 km WNW of Cobb, CA",1739291237
2025,02,11,16:23:33,38.8227,-122.7642,1.5,2,"4 km WNW of Cobb, CA",1739291013
2025,02,11,16:22:17,36.6191,-116.219,2.9,0.1,"49 km W of Indian Springs, Nevada",1739290937
2025,02,11,16:11:58,41.92,-119.5819,1.3,2.6,"47 km E of Fort Bidwell, California",1739290318
2025,02,11,16:11:11,18.0542,-66.837,14.2,2.5,"2 km NNE of Yauco, Puerto Rico",1739290271
2025,02,11,16:06:00,5.1601,94.9709,91.2,4.4,"58 km SW of Banda Aceh, Indonesia",1739289960
2025,02,11,16:05:57,38.7802,-122.758,1.6,0.2,"0 km NNW of The Geysers, CA",1739289957
2025,02,11,16:03:45,38.6908,-122.496,6.4,1.9,"12 km SE of Middletown, CA",1739289825
2025,02,11,15:47:37,60.1549,-137.8912,9.9,3.1,"122 km NW of Mosquito Lake, Alaska",1739288857
2025,02,11,15:34:44,61.6028,-148.2636,15.5,1.6,"24 km SSE of Chickaloon, Alaska",1739288084
2025,02,11,15:32:53,19.329,-155.1148,5.4,2,"15 km S of Fern Forest, Hawaii",1739287973
2025,02,11,15:27:48,59.9368,-152.316,84.8,2.1,"32 km WNW of Anchor Point, Alaska",1739287668
2025,02,11,15:26:52,61.9382,-149.7951,15,1.5,"24 km NNE of Willow, Alaska",1739287612
2025,02,11,15:13:22,38.792,-122.7825,3.1,1.1,"3 km NW of The Geysers, CA",1739286802
2025,02,11,15:10:58,36.5178,25.7203,10,4.4,"27 km ENE of Mesariá, Greece",1739286658
2025,02,11,15:06:20,32.005,-103.801,7.5,2.1,"35 km SE of Malaga, New Mexico",1739286380
2025,02,11,15:00:49,36.649,-116.2667,5.9,0.1,"52 km ESE of Beatty, Nevada",1739286049
2025,02,11,14:46:21,37.5237,-118.8758,2.6,1.2,"16 km SSE of Mammoth Lakes, CA",1739285181
2025,02,11,14:34:47,40.3673,-124.8917,15.5,2.8,"52 km WNW of Petrolia, CA",1739284487
2025,02,11,14:30:18,44.9972,-110.5288,16.4,1,"11 km SE of Jardine, Montana",1739284218
2025,02,11,14:28:19,35.2262,-119.4588,18.2,1.5,"9 km N of Taft, CA",1739284099
2025,02,11,14:24:28,40.358,-124.9427,12.3,2.8,"56 km WNW of Petrolia, CA",1739283868
2025,02,11,14:24:22,35.9673,-117.5157,4,1.5,"24 km NNW of Searles Valley, CA",1739283862
2025,02,11,14:19:50,36.6914,25.7211,10,4.6,"22 km SW of Amorgós, Greece",1739283590
2025,02,11,14:12:30,33.5845,-116.8032,8.7,0.6,"12 km WNW of Anza, CA",1739283150
2025,02,11,14:02:40,35.1518,-97.5763,5.5,1.7,"5 km N of Cole, Oklahoma",1739282560
2025,02,11,13:50:13,41.9304,-119.6044,4.3,1.6,"46 km E of Fort Bidwell, California",1739281813
2025,02,11,13:45:44,38.814,-122.8257,2.3,0.8,"7 km NW of The Geysers, CA",1739281544
2025,02,11,13:40:14,33.7653,-116.0997,5,1.4,"12 km NE of Coachella, CA",1739281214
2025,02,11,13:32:02,36.8088,-120.9128,3,2.6,"28 km SSW of Los Banos, CA",1739280722
2025,02,11,13:31:42,33.4555,-116.624,10,2.2,"12 km SSE of Anza, CA",1739280702
2025,02,11,13:21:29,62.7388,-151.784,92.1,2.2,"58 km WNW of Petersville, Alaska",1739280089
2025,02,11,13:08:10,45.707,-122.9653,15.7,1.2,"8 km SW of Scappoose, Oregon",1739279290
2025,02,11,13:01:31,59.8694,-152.7429,95,2,"52 km W of Anchor Point, Alaska",1739278891
2025,02,11,12:54:29,61.9416,-149.7915,33.2,2.3,"24 km S of Susitna North, Alaska",1739278469
2025,02,11,12:45:10,38.8358,-122.8085,1.7,0.8,"8 km WNW of Cobb, CA",1739277910
2025,02,11,12:43:58,37.1822,-117.2514,6.7,0.5,"53 km NW of Beatty, Nevada",1739277838
2025,02,11,12:41:11,32.096,-101.618,4.9,0.8,"16 km ESE of Stanton, Texas",1739277671
2025,02,11,12:40:35,33.4785,-116.8923,14.1,0.8,"5 km NNW of Aguanga, CA",1739277635
2025,02,11,12:38:57,18.0357,-66.8668,11.2,2,"1 km W of Yauco, Puerto Rico",1739277537
2025,02,11,12:34:12,36.619,25.5275,10,4.4,"22 km NE of Oía, Greece",1739277252
2025,02,11,12:30:17,61.15,-152.4312,1.2,0.8,"70 km W of Tyonek, Alaska",1739277017
2025,02,11,12:23:02,44.1947,-115.107,7.5,1.8,"13 km W of Stanley, Idaho",1739276582
2025,02,11,12:23:01,38.7965,-122.7837,3.5,0.5,"3 km NW of The Geysers, CA",1739276581
